-- TelcoSuite V004 TMF core refinement for Security Operations, Compliance, And Regulatory
-- Target database: ts_enterprise_platform_governance
-- App schema: security_compliance_regulatory
-- Generated from: planning/suite-details/tmf-api-ddl-reviews/security-compliance-regulatory.md
-- Reviewed: 2026-06-14

CREATE EXTENSION IF NOT EXISTS pgcrypto;

BEGIN;

COMMENT ON SCHEMA security_compliance_regulatory IS 'App-owned schema for Security Operations, Compliance, And Regulatory; V002 TMF baseline review complete on 2026-06-14.';

-- Promote common TMF resource fields on security_compliance_regulatory.security_incident.
ALTER TABLE security_compliance_regulatory.security_incident
    ADD COLUMN IF NOT EXISTS tmf_id text,
    ADD COLUMN IF NOT EXISTS tmf_href text,
    ADD COLUMN IF NOT EXISTS tmf_type text,
    ADD COLUMN IF NOT EXISTS tmf_base_type text,
    ADD COLUMN IF NOT EXISTS tmf_schema_location text,
    ADD COLUMN IF NOT EXISTS tmf_referred_type text,
    ADD COLUMN IF NOT EXISTS tmf_name text,
    ADD COLUMN IF NOT EXISTS tmf_description text,
    ADD COLUMN IF NOT EXISTS tmf_category text,
    ADD COLUMN IF NOT EXISTS tmf_lifecycle_status text,
    ADD COLUMN IF NOT EXISTS tmf_state text,
    ADD COLUMN IF NOT EXISTS tmf_status_reason text,
    ADD COLUMN IF NOT EXISTS tmf_priority text,
    ADD COLUMN IF NOT EXISTS tmf_last_update timestamptz,
    ADD COLUMN IF NOT EXISTS tmf_start_date timestamptz,
    ADD COLUMN IF NOT EXISTS tmf_end_date timestamptz,
    ADD COLUMN IF NOT EXISTS tmf_requested_start_date timestamptz,
    ADD COLUMN IF NOT EXISTS tmf_requested_completion_date timestamptz,
    ADD COLUMN IF NOT EXISTS tmf_expected_completion_date timestamptz,
    ADD COLUMN IF NOT EXISTS tmf_completion_date timestamptz,
    ADD COLUMN IF NOT EXISTS tmf_external_id text;
CREATE INDEX IF NOT EXISTS ix_security_incident_tmf_id ON security_compliance_regulatory.security_incident (tmf_id) WHERE tmf_id IS NOT NULL;
CREATE INDEX IF NOT EXISTS ix_security_incident_tmf_href ON security_compliance_regulatory.security_incident (tmf_href) WHERE tmf_href IS NOT NULL;
CREATE INDEX IF NOT EXISTS ix_security_incident_tmf_state ON security_compliance_regulatory.security_incident (tenant_id, tmf_state) WHERE tmf_state IS NOT NULL;
COMMENT ON COLUMN security_compliance_regulatory.security_incident.tmf_payload IS 'Full validated TMF resource payload retained for fields not promoted to typed columns.';
COMMENT ON COLUMN security_compliance_regulatory.security_incident.tmf_id IS 'TMF resource id from the selected local TMF API baseline when different from canonical_id.';

-- Promote common TMF resource fields on security_compliance_regulatory.compliance_control.
ALTER TABLE security_compliance_regulatory.compliance_control
    ADD COLUMN IF NOT EXISTS tmf_id text,
    ADD COLUMN IF NOT EXISTS tmf_href text,
    ADD COLUMN IF NOT EXISTS tmf_type text,
    ADD COLUMN IF NOT EXISTS tmf_base_type text,
    ADD COLUMN IF NOT EXISTS tmf_schema_location text,
    ADD COLUMN IF NOT EXISTS tmf_referred_type text,
    ADD COLUMN IF NOT EXISTS tmf_name text,
    ADD COLUMN IF NOT EXISTS tmf_description text,
    ADD COLUMN IF NOT EXISTS tmf_category text,
    ADD COLUMN IF NOT EXISTS tmf_lifecycle_status text,
    ADD COLUMN IF NOT EXISTS tmf_state text,
    ADD COLUMN IF NOT EXISTS tmf_status_reason text,
    ADD COLUMN IF NOT EXISTS tmf_priority text,
    ADD COLUMN IF NOT EXISTS tmf_last_update timestamptz,
    ADD COLUMN IF NOT EXISTS tmf_start_date timestamptz,
    ADD COLUMN IF NOT EXISTS tmf_end_date timestamptz,
    ADD COLUMN IF NOT EXISTS tmf_requested_start_date timestamptz,
    ADD COLUMN IF NOT EXISTS tmf_requested_completion_date timestamptz,
    ADD COLUMN IF NOT EXISTS tmf_expected_completion_date timestamptz,
    ADD COLUMN IF NOT EXISTS tmf_completion_date timestamptz,
    ADD COLUMN IF NOT EXISTS tmf_external_id text;
CREATE INDEX IF NOT EXISTS ix_compliance_control_tmf_id ON security_compliance_regulatory.compliance_control (tmf_id) WHERE tmf_id IS NOT NULL;
CREATE INDEX IF NOT EXISTS ix_compliance_control_tmf_href ON security_compliance_regulatory.compliance_control (tmf_href) WHERE tmf_href IS NOT NULL;
CREATE INDEX IF NOT EXISTS ix_compliance_control_tmf_state ON security_compliance_regulatory.compliance_control (tenant_id, tmf_state) WHERE tmf_state IS NOT NULL;
COMMENT ON COLUMN security_compliance_regulatory.compliance_control.tmf_payload IS 'Full validated TMF resource payload retained for fields not promoted to typed columns.';
COMMENT ON COLUMN security_compliance_regulatory.compliance_control.tmf_id IS 'TMF resource id from the selected local TMF API baseline when different from canonical_id.';

-- Promote common TMF resource fields on security_compliance_regulatory.control_evidence.
ALTER TABLE security_compliance_regulatory.control_evidence
    ADD COLUMN IF NOT EXISTS tmf_id text,
    ADD COLUMN IF NOT EXISTS tmf_href text,
    ADD COLUMN IF NOT EXISTS tmf_type text,
    ADD COLUMN IF NOT EXISTS tmf_base_type text,
    ADD COLUMN IF NOT EXISTS tmf_schema_location text,
    ADD COLUMN IF NOT EXISTS tmf_referred_type text,
    ADD COLUMN IF NOT EXISTS tmf_name text,
    ADD COLUMN IF NOT EXISTS tmf_description text,
    ADD COLUMN IF NOT EXISTS tmf_category text,
    ADD COLUMN IF NOT EXISTS tmf_lifecycle_status text,
    ADD COLUMN IF NOT EXISTS tmf_state text,
    ADD COLUMN IF NOT EXISTS tmf_status_reason text,
    ADD COLUMN IF NOT EXISTS tmf_priority text,
    ADD COLUMN IF NOT EXISTS tmf_last_update timestamptz,
    ADD COLUMN IF NOT EXISTS tmf_start_date timestamptz,
    ADD COLUMN IF NOT EXISTS tmf_end_date timestamptz,
    ADD COLUMN IF NOT EXISTS tmf_requested_start_date timestamptz,
    ADD COLUMN IF NOT EXISTS tmf_requested_completion_date timestamptz,
    ADD COLUMN IF NOT EXISTS tmf_expected_completion_date timestamptz,
    ADD COLUMN IF NOT EXISTS tmf_completion_date timestamptz,
    ADD COLUMN IF NOT EXISTS tmf_external_id text;
CREATE INDEX IF NOT EXISTS ix_control_evidence_tmf_id ON security_compliance_regulatory.control_evidence (tmf_id) WHERE tmf_id IS NOT NULL;
CREATE INDEX IF NOT EXISTS ix_control_evidence_tmf_href ON security_compliance_regulatory.control_evidence (tmf_href) WHERE tmf_href IS NOT NULL;
CREATE INDEX IF NOT EXISTS ix_control_evidence_tmf_state ON security_compliance_regulatory.control_evidence (tenant_id, tmf_state) WHERE tmf_state IS NOT NULL;
COMMENT ON COLUMN security_compliance_regulatory.control_evidence.tmf_payload IS 'Full validated TMF resource payload retained for fields not promoted to typed columns.';
COMMENT ON COLUMN security_compliance_regulatory.control_evidence.tmf_id IS 'TMF resource id from the selected local TMF API baseline when different from canonical_id.';

-- Promote common TMF resource fields on security_compliance_regulatory.regulatory_obligation.
ALTER TABLE security_compliance_regulatory.regulatory_obligation
    ADD COLUMN IF NOT EXISTS tmf_id text,
    ADD COLUMN IF NOT EXISTS tmf_href text,
    ADD COLUMN IF NOT EXISTS tmf_type text,
    ADD COLUMN IF NOT EXISTS tmf_base_type text,
    ADD COLUMN IF NOT EXISTS tmf_schema_location text,
    ADD COLUMN IF NOT EXISTS tmf_referred_type text,
    ADD COLUMN IF NOT EXISTS tmf_name text,
    ADD COLUMN IF NOT EXISTS tmf_description text,
    ADD COLUMN IF NOT EXISTS tmf_category text,
    ADD COLUMN IF NOT EXISTS tmf_lifecycle_status text,
    ADD COLUMN IF NOT EXISTS tmf_state text,
    ADD COLUMN IF NOT EXISTS tmf_status_reason text,
    ADD COLUMN IF NOT EXISTS tmf_priority text,
    ADD COLUMN IF NOT EXISTS tmf_last_update timestamptz,
    ADD COLUMN IF NOT EXISTS tmf_start_date timestamptz,
    ADD COLUMN IF NOT EXISTS tmf_end_date timestamptz,
    ADD COLUMN IF NOT EXISTS tmf_requested_start_date timestamptz,
    ADD COLUMN IF NOT EXISTS tmf_requested_completion_date timestamptz,
    ADD COLUMN IF NOT EXISTS tmf_expected_completion_date timestamptz,
    ADD COLUMN IF NOT EXISTS tmf_completion_date timestamptz,
    ADD COLUMN IF NOT EXISTS tmf_external_id text;
CREATE INDEX IF NOT EXISTS ix_regulatory_obligation_tmf_id ON security_compliance_regulatory.regulatory_obligation (tmf_id) WHERE tmf_id IS NOT NULL;
CREATE INDEX IF NOT EXISTS ix_regulatory_obligation_tmf_href ON security_compliance_regulatory.regulatory_obligation (tmf_href) WHERE tmf_href IS NOT NULL;
CREATE INDEX IF NOT EXISTS ix_regulatory_obligation_tmf_state ON security_compliance_regulatory.regulatory_obligation (tenant_id, tmf_state) WHERE tmf_state IS NOT NULL;
COMMENT ON COLUMN security_compliance_regulatory.regulatory_obligation.tmf_payload IS 'Full validated TMF resource payload retained for fields not promoted to typed columns.';
COMMENT ON COLUMN security_compliance_regulatory.regulatory_obligation.tmf_id IS 'TMF resource id from the selected local TMF API baseline when different from canonical_id.';

-- Promote common TMF resource fields on security_compliance_regulatory.regulatory_submission.
ALTER TABLE security_compliance_regulatory.regulatory_submission
    ADD COLUMN IF NOT EXISTS tmf_id text,
    ADD COLUMN IF NOT EXISTS tmf_href text,
    ADD COLUMN IF NOT EXISTS tmf_type text,
    ADD COLUMN IF NOT EXISTS tmf_base_type text,
    ADD COLUMN IF NOT EXISTS tmf_schema_location text,
    ADD COLUMN IF NOT EXISTS tmf_referred_type text,
    ADD COLUMN IF NOT EXISTS tmf_name text,
    ADD COLUMN IF NOT EXISTS tmf_description text,
    ADD COLUMN IF NOT EXISTS tmf_category text,
    ADD COLUMN IF NOT EXISTS tmf_lifecycle_status text,
    ADD COLUMN IF NOT EXISTS tmf_state text,
    ADD COLUMN IF NOT EXISTS tmf_status_reason text,
    ADD COLUMN IF NOT EXISTS tmf_priority text,
    ADD COLUMN IF NOT EXISTS tmf_last_update timestamptz,
    ADD COLUMN IF NOT EXISTS tmf_start_date timestamptz,
    ADD COLUMN IF NOT EXISTS tmf_end_date timestamptz,
    ADD COLUMN IF NOT EXISTS tmf_requested_start_date timestamptz,
    ADD COLUMN IF NOT EXISTS tmf_requested_completion_date timestamptz,
    ADD COLUMN IF NOT EXISTS tmf_expected_completion_date timestamptz,
    ADD COLUMN IF NOT EXISTS tmf_completion_date timestamptz,
    ADD COLUMN IF NOT EXISTS tmf_external_id text;
CREATE INDEX IF NOT EXISTS ix_regulatory_submission_tmf_id ON security_compliance_regulatory.regulatory_submission (tmf_id) WHERE tmf_id IS NOT NULL;
CREATE INDEX IF NOT EXISTS ix_regulatory_submission_tmf_href ON security_compliance_regulatory.regulatory_submission (tmf_href) WHERE tmf_href IS NOT NULL;
CREATE INDEX IF NOT EXISTS ix_regulatory_submission_tmf_state ON security_compliance_regulatory.regulatory_submission (tenant_id, tmf_state) WHERE tmf_state IS NOT NULL;
COMMENT ON COLUMN security_compliance_regulatory.regulatory_submission.tmf_payload IS 'Full validated TMF resource payload retained for fields not promoted to typed columns.';
COMMENT ON COLUMN security_compliance_regulatory.regulatory_submission.tmf_id IS 'TMF resource id from the selected local TMF API baseline when different from canonical_id.';

-- Promote common TMF resource fields on security_compliance_regulatory.retention_policy.
ALTER TABLE security_compliance_regulatory.retention_policy
    ADD COLUMN IF NOT EXISTS tmf_id text,
    ADD COLUMN IF NOT EXISTS tmf_href text,
    ADD COLUMN IF NOT EXISTS tmf_type text,
    ADD COLUMN IF NOT EXISTS tmf_base_type text,
    ADD COLUMN IF NOT EXISTS tmf_schema_location text,
    ADD COLUMN IF NOT EXISTS tmf_referred_type text,
    ADD COLUMN IF NOT EXISTS tmf_name text,
    ADD COLUMN IF NOT EXISTS tmf_description text,
    ADD COLUMN IF NOT EXISTS tmf_category text,
    ADD COLUMN IF NOT EXISTS tmf_lifecycle_status text,
    ADD COLUMN IF NOT EXISTS tmf_state text,
    ADD COLUMN IF NOT EXISTS tmf_status_reason text,
    ADD COLUMN IF NOT EXISTS tmf_priority text,
    ADD COLUMN IF NOT EXISTS tmf_last_update timestamptz,
    ADD COLUMN IF NOT EXISTS tmf_start_date timestamptz,
    ADD COLUMN IF NOT EXISTS tmf_end_date timestamptz,
    ADD COLUMN IF NOT EXISTS tmf_requested_start_date timestamptz,
    ADD COLUMN IF NOT EXISTS tmf_requested_completion_date timestamptz,
    ADD COLUMN IF NOT EXISTS tmf_expected_completion_date timestamptz,
    ADD COLUMN IF NOT EXISTS tmf_completion_date timestamptz,
    ADD COLUMN IF NOT EXISTS tmf_external_id text;
CREATE INDEX IF NOT EXISTS ix_retention_policy_tmf_id ON security_compliance_regulatory.retention_policy (tmf_id) WHERE tmf_id IS NOT NULL;
CREATE INDEX IF NOT EXISTS ix_retention_policy_tmf_href ON security_compliance_regulatory.retention_policy (tmf_href) WHERE tmf_href IS NOT NULL;
CREATE INDEX IF NOT EXISTS ix_retention_policy_tmf_state ON security_compliance_regulatory.retention_policy (tenant_id, tmf_state) WHERE tmf_state IS NOT NULL;
COMMENT ON COLUMN security_compliance_regulatory.retention_policy.tmf_payload IS 'Full validated TMF resource payload retained for fields not promoted to typed columns.';
COMMENT ON COLUMN security_compliance_regulatory.retention_policy.tmf_id IS 'TMF resource id from the selected local TMF API baseline when different from canonical_id.';

-- Promote common TMF resource fields on security_compliance_regulatory.legal_hold.
ALTER TABLE security_compliance_regulatory.legal_hold
    ADD COLUMN IF NOT EXISTS tmf_id text,
    ADD COLUMN IF NOT EXISTS tmf_href text,
    ADD COLUMN IF NOT EXISTS tmf_type text,
    ADD COLUMN IF NOT EXISTS tmf_base_type text,
    ADD COLUMN IF NOT EXISTS tmf_schema_location text,
    ADD COLUMN IF NOT EXISTS tmf_referred_type text,
    ADD COLUMN IF NOT EXISTS tmf_name text,
    ADD COLUMN IF NOT EXISTS tmf_description text,
    ADD COLUMN IF NOT EXISTS tmf_category text,
    ADD COLUMN IF NOT EXISTS tmf_lifecycle_status text,
    ADD COLUMN IF NOT EXISTS tmf_state text,
    ADD COLUMN IF NOT EXISTS tmf_status_reason text,
    ADD COLUMN IF NOT EXISTS tmf_priority text,
    ADD COLUMN IF NOT EXISTS tmf_last_update timestamptz,
    ADD COLUMN IF NOT EXISTS tmf_start_date timestamptz,
    ADD COLUMN IF NOT EXISTS tmf_end_date timestamptz,
    ADD COLUMN IF NOT EXISTS tmf_requested_start_date timestamptz,
    ADD COLUMN IF NOT EXISTS tmf_requested_completion_date timestamptz,
    ADD COLUMN IF NOT EXISTS tmf_expected_completion_date timestamptz,
    ADD COLUMN IF NOT EXISTS tmf_completion_date timestamptz,
    ADD COLUMN IF NOT EXISTS tmf_external_id text;
CREATE INDEX IF NOT EXISTS ix_legal_hold_tmf_id ON security_compliance_regulatory.legal_hold (tmf_id) WHERE tmf_id IS NOT NULL;
CREATE INDEX IF NOT EXISTS ix_legal_hold_tmf_href ON security_compliance_regulatory.legal_hold (tmf_href) WHERE tmf_href IS NOT NULL;
CREATE INDEX IF NOT EXISTS ix_legal_hold_tmf_state ON security_compliance_regulatory.legal_hold (tenant_id, tmf_state) WHERE tmf_state IS NOT NULL;
COMMENT ON COLUMN security_compliance_regulatory.legal_hold.tmf_payload IS 'Full validated TMF resource payload retained for fields not promoted to typed columns.';
COMMENT ON COLUMN security_compliance_regulatory.legal_hold.tmf_id IS 'TMF resource id from the selected local TMF API baseline when different from canonical_id.';

-- Promote common TMF resource fields on security_compliance_regulatory.audit_evidence_package.
ALTER TABLE security_compliance_regulatory.audit_evidence_package
    ADD COLUMN IF NOT EXISTS tmf_id text,
    ADD COLUMN IF NOT EXISTS tmf_href text,
    ADD COLUMN IF NOT EXISTS tmf_type text,
    ADD COLUMN IF NOT EXISTS tmf_base_type text,
    ADD COLUMN IF NOT EXISTS tmf_schema_location text,
    ADD COLUMN IF NOT EXISTS tmf_referred_type text,
    ADD COLUMN IF NOT EXISTS tmf_name text,
    ADD COLUMN IF NOT EXISTS tmf_description text,
    ADD COLUMN IF NOT EXISTS tmf_category text,
    ADD COLUMN IF NOT EXISTS tmf_lifecycle_status text,
    ADD COLUMN IF NOT EXISTS tmf_state text,
    ADD COLUMN IF NOT EXISTS tmf_status_reason text,
    ADD COLUMN IF NOT EXISTS tmf_priority text,
    ADD COLUMN IF NOT EXISTS tmf_last_update timestamptz,
    ADD COLUMN IF NOT EXISTS tmf_start_date timestamptz,
    ADD COLUMN IF NOT EXISTS tmf_end_date timestamptz,
    ADD COLUMN IF NOT EXISTS tmf_requested_start_date timestamptz,
    ADD COLUMN IF NOT EXISTS tmf_requested_completion_date timestamptz,
    ADD COLUMN IF NOT EXISTS tmf_expected_completion_date timestamptz,
    ADD COLUMN IF NOT EXISTS tmf_completion_date timestamptz,
    ADD COLUMN IF NOT EXISTS tmf_external_id text;
CREATE INDEX IF NOT EXISTS ix_audit_evidence_package_tmf_id ON security_compliance_regulatory.audit_evidence_package (tmf_id) WHERE tmf_id IS NOT NULL;
CREATE INDEX IF NOT EXISTS ix_audit_evidence_package_tmf_href ON security_compliance_regulatory.audit_evidence_package (tmf_href) WHERE tmf_href IS NOT NULL;
CREATE INDEX IF NOT EXISTS ix_audit_evidence_package_tmf_state ON security_compliance_regulatory.audit_evidence_package (tenant_id, tmf_state) WHERE tmf_state IS NOT NULL;
COMMENT ON COLUMN security_compliance_regulatory.audit_evidence_package.tmf_payload IS 'Full validated TMF resource payload retained for fields not promoted to typed columns.';
COMMENT ON COLUMN security_compliance_regulatory.audit_evidence_package.tmf_id IS 'TMF resource id from the selected local TMF API baseline when different from canonical_id.';

-- Promote common TMF resource fields on security_compliance_regulatory.business_continuity_plan.
ALTER TABLE security_compliance_regulatory.business_continuity_plan
    ADD COLUMN IF NOT EXISTS tmf_id text,
    ADD COLUMN IF NOT EXISTS tmf_href text,
    ADD COLUMN IF NOT EXISTS tmf_type text,
    ADD COLUMN IF NOT EXISTS tmf_base_type text,
    ADD COLUMN IF NOT EXISTS tmf_schema_location text,
    ADD COLUMN IF NOT EXISTS tmf_referred_type text,
    ADD COLUMN IF NOT EXISTS tmf_name text,
    ADD COLUMN IF NOT EXISTS tmf_description text,
    ADD COLUMN IF NOT EXISTS tmf_category text,
    ADD COLUMN IF NOT EXISTS tmf_lifecycle_status text,
    ADD COLUMN IF NOT EXISTS tmf_state text,
    ADD COLUMN IF NOT EXISTS tmf_status_reason text,
    ADD COLUMN IF NOT EXISTS tmf_priority text,
    ADD COLUMN IF NOT EXISTS tmf_last_update timestamptz,
    ADD COLUMN IF NOT EXISTS tmf_start_date timestamptz,
    ADD COLUMN IF NOT EXISTS tmf_end_date timestamptz,
    ADD COLUMN IF NOT EXISTS tmf_requested_start_date timestamptz,
    ADD COLUMN IF NOT EXISTS tmf_requested_completion_date timestamptz,
    ADD COLUMN IF NOT EXISTS tmf_expected_completion_date timestamptz,
    ADD COLUMN IF NOT EXISTS tmf_completion_date timestamptz,
    ADD COLUMN IF NOT EXISTS tmf_external_id text;
CREATE INDEX IF NOT EXISTS ix_business_continuity_plan_tmf_id ON security_compliance_regulatory.business_continuity_plan (tmf_id) WHERE tmf_id IS NOT NULL;
CREATE INDEX IF NOT EXISTS ix_business_continuity_plan_tmf_href ON security_compliance_regulatory.business_continuity_plan (tmf_href) WHERE tmf_href IS NOT NULL;
CREATE INDEX IF NOT EXISTS ix_business_continuity_plan_tmf_state ON security_compliance_regulatory.business_continuity_plan (tenant_id, tmf_state) WHERE tmf_state IS NOT NULL;
COMMENT ON COLUMN security_compliance_regulatory.business_continuity_plan.tmf_payload IS 'Full validated TMF resource payload retained for fields not promoted to typed columns.';
COMMENT ON COLUMN security_compliance_regulatory.business_continuity_plan.tmf_id IS 'TMF resource id from the selected local TMF API baseline when different from canonical_id.';

-- Promote common TMF resource fields on security_compliance_regulatory.event_outbox.
ALTER TABLE security_compliance_regulatory.event_outbox
    ADD COLUMN IF NOT EXISTS tmf_id text,
    ADD COLUMN IF NOT EXISTS tmf_href text,
    ADD COLUMN IF NOT EXISTS tmf_type text,
    ADD COLUMN IF NOT EXISTS tmf_base_type text,
    ADD COLUMN IF NOT EXISTS tmf_schema_location text,
    ADD COLUMN IF NOT EXISTS tmf_referred_type text,
    ADD COLUMN IF NOT EXISTS tmf_name text,
    ADD COLUMN IF NOT EXISTS tmf_description text,
    ADD COLUMN IF NOT EXISTS tmf_category text,
    ADD COLUMN IF NOT EXISTS tmf_lifecycle_status text,
    ADD COLUMN IF NOT EXISTS tmf_state text,
    ADD COLUMN IF NOT EXISTS tmf_status_reason text,
    ADD COLUMN IF NOT EXISTS tmf_priority text,
    ADD COLUMN IF NOT EXISTS tmf_last_update timestamptz,
    ADD COLUMN IF NOT EXISTS tmf_start_date timestamptz,
    ADD COLUMN IF NOT EXISTS tmf_end_date timestamptz,
    ADD COLUMN IF NOT EXISTS tmf_requested_start_date timestamptz,
    ADD COLUMN IF NOT EXISTS tmf_requested_completion_date timestamptz,
    ADD COLUMN IF NOT EXISTS tmf_expected_completion_date timestamptz,
    ADD COLUMN IF NOT EXISTS tmf_completion_date timestamptz,
    ADD COLUMN IF NOT EXISTS tmf_external_id text;
CREATE INDEX IF NOT EXISTS ix_event_outbox_tmf_id ON security_compliance_regulatory.event_outbox (tmf_id) WHERE tmf_id IS NOT NULL;
CREATE INDEX IF NOT EXISTS ix_event_outbox_tmf_href ON security_compliance_regulatory.event_outbox (tmf_href) WHERE tmf_href IS NOT NULL;
CREATE INDEX IF NOT EXISTS ix_event_outbox_tmf_state ON security_compliance_regulatory.event_outbox (tenant_id, tmf_state) WHERE tmf_state IS NOT NULL;
COMMENT ON COLUMN security_compliance_regulatory.event_outbox.tmf_payload IS 'Full validated TMF resource payload retained for fields not promoted to typed columns.';
COMMENT ON COLUMN security_compliance_regulatory.event_outbox.tmf_id IS 'TMF resource id from the selected local TMF API baseline when different from canonical_id.';

CREATE TABLE IF NOT EXISTS security_compliance_regulatory.tmf_api_resource_map (
    id uuid PRIMARY KEY DEFAULT gen_random_uuid(),
    tmf_api text NOT NULL,
    tmf_resource text NOT NULL,
    resource_path text,
    anchor_table text NOT NULL,
    ownership_role text NOT NULL DEFAULT 'master_or_projection',
    field_strategy text NOT NULL,
    local_spec_path text,
    promoted_fields jsonb NOT NULL DEFAULT '[]'::jsonb,
    payload_required boolean NOT NULL DEFAULT true,
    contract_test_required boolean NOT NULL DEFAULT true,
    created_at timestamptz NOT NULL DEFAULT now(),
    updated_at timestamptz NOT NULL DEFAULT now(),
    CONSTRAINT uk_tmf_api_resource_map UNIQUE (tmf_api, tmf_resource, anchor_table)
);

CREATE TABLE IF NOT EXISTS security_compliance_regulatory.tmf_resource_reference (
    id uuid PRIMARY KEY DEFAULT gen_random_uuid(),
    tenant_id text NOT NULL DEFAULT 'default',
    source_table text NOT NULL,
    source_record_id uuid,
    source_canonical_id text,
    reference_role text NOT NULL,
    referenced_api text,
    referenced_resource text,
    referenced_id text,
    referenced_href text,
    referenced_name text,
    referred_type text,
    reference_payload jsonb NOT NULL DEFAULT '{}'::jsonb,
    valid_from timestamptz,
    valid_to timestamptz,
    created_at timestamptz NOT NULL DEFAULT now(),
    created_by text,
    CONSTRAINT ck_tmf_resource_reference_validity CHECK (valid_to IS NULL OR valid_from IS NULL OR valid_to >= valid_from)
);

CREATE TABLE IF NOT EXISTS security_compliance_regulatory.tmf_characteristic (
    id uuid PRIMARY KEY DEFAULT gen_random_uuid(),
    tenant_id text NOT NULL DEFAULT 'default',
    source_table text NOT NULL,
    source_record_id uuid,
    source_canonical_id text,
    characteristic_name text NOT NULL,
    value_type text,
    characteristic_value jsonb NOT NULL DEFAULT '{}'::jsonb,
    value_from timestamptz,
    value_to timestamptz,
    created_at timestamptz NOT NULL DEFAULT now(),
    created_by text,
    CONSTRAINT ck_tmf_characteristic_validity CHECK (value_to IS NULL OR value_from IS NULL OR value_to >= value_from)
);

CREATE TABLE IF NOT EXISTS security_compliance_regulatory.tmf_external_identifier (
    id uuid PRIMARY KEY DEFAULT gen_random_uuid(),
    tenant_id text NOT NULL DEFAULT 'default',
    source_table text NOT NULL,
    source_record_id uuid,
    source_canonical_id text,
    owner text,
    external_identifier_type text,
    external_identifier_id text NOT NULL,
    external_href text,
    created_at timestamptz NOT NULL DEFAULT now(),
    CONSTRAINT uk_tmf_external_identifier UNIQUE (tenant_id, source_table, external_identifier_id)
);

CREATE TABLE IF NOT EXISTS security_compliance_regulatory.tmf_related_party (
    id uuid PRIMARY KEY DEFAULT gen_random_uuid(),
    tenant_id text NOT NULL DEFAULT 'default',
    source_table text NOT NULL,
    source_record_id uuid,
    source_canonical_id text,
    party_id text,
    party_href text,
    party_name text,
    party_role text,
    party_referred_type text,
    related_party_payload jsonb NOT NULL DEFAULT '{}'::jsonb,
    created_at timestamptz NOT NULL DEFAULT now()
);

CREATE TABLE IF NOT EXISTS security_compliance_regulatory.tmf_note (
    id uuid PRIMARY KEY DEFAULT gen_random_uuid(),
    tenant_id text NOT NULL DEFAULT 'default',
    source_table text NOT NULL,
    source_record_id uuid,
    source_canonical_id text,
    note_author text,
    note_date timestamptz,
    note_text text NOT NULL,
    note_payload jsonb NOT NULL DEFAULT '{}'::jsonb,
    created_at timestamptz NOT NULL DEFAULT now()
);

CREATE TABLE IF NOT EXISTS security_compliance_regulatory.tmf_attachment (
    id uuid PRIMARY KEY DEFAULT gen_random_uuid(),
    tenant_id text NOT NULL DEFAULT 'default',
    source_table text NOT NULL,
    source_record_id uuid,
    source_canonical_id text,
    attachment_id text,
    attachment_href text,
    attachment_name text,
    attachment_type text,
    mime_type text,
    content_url text,
    size_amount numeric,
    size_units text,
    attachment_payload jsonb NOT NULL DEFAULT '{}'::jsonb,
    created_at timestamptz NOT NULL DEFAULT now()
);

CREATE TABLE IF NOT EXISTS security_compliance_regulatory.tmf_relationship (
    id uuid PRIMARY KEY DEFAULT gen_random_uuid(),
    tenant_id text NOT NULL DEFAULT 'default',
    source_table text NOT NULL,
    source_record_id uuid,
    source_canonical_id text,
    relationship_type text NOT NULL,
    target_table text,
    target_record_id uuid,
    target_canonical_id text,
    target_api text,
    target_resource text,
    target_href text,
    relationship_payload jsonb NOT NULL DEFAULT '{}'::jsonb,
    valid_from timestamptz,
    valid_to timestamptz,
    created_at timestamptz NOT NULL DEFAULT now(),
    CONSTRAINT ck_tmf_relationship_validity CHECK (valid_to IS NULL OR valid_from IS NULL OR valid_to >= valid_from)
);

CREATE TABLE IF NOT EXISTS security_compliance_regulatory.event_contract (
    id uuid PRIMARY KEY DEFAULT gen_random_uuid(),
    event_name text NOT NULL,
    event_version text NOT NULL DEFAULT 'v1',
    tmf_api text,
    tmf_resource text,
    source_table text NOT NULL,
    event_type text NOT NULL,
    event_key_strategy text NOT NULL,
    payload_basis text NOT NULL,
    outbox_table text NOT NULL DEFAULT 'security_compliance_regulatory.event_outbox',
    retention_class text NOT NULL DEFAULT 'event_replay_90d',
    masking_policy text NOT NULL DEFAULT 'Apply source table masking policy before external publication',
    consumer_notes text,
    is_active boolean NOT NULL DEFAULT true,
    created_at timestamptz NOT NULL DEFAULT now(),
    updated_at timestamptz NOT NULL DEFAULT now(),
    CONSTRAINT uk_event_contract UNIQUE (event_name, event_version)
);

CREATE TABLE IF NOT EXISTS security_compliance_regulatory.privacy_retention_policy (
    id uuid PRIMARY KEY DEFAULT gen_random_uuid(),
    table_name text NOT NULL,
    data_domain text NOT NULL,
    data_classification text NOT NULL,
    retention_class text NOT NULL,
    retention_basis text NOT NULL,
    default_retention_days integer,
    legal_hold_supported boolean NOT NULL DEFAULT true,
    residency_rule text,
    masking_policy text NOT NULL,
    audit_level text NOT NULL DEFAULT 'standard',
    created_at timestamptz NOT NULL DEFAULT now(),
    updated_at timestamptz NOT NULL DEFAULT now(),
    CONSTRAINT uk_privacy_retention_policy UNIQUE (table_name)
);

CREATE INDEX IF NOT EXISTS ix_tmf_api_resource_map_lookup ON security_compliance_regulatory.tmf_api_resource_map (tmf_api, tmf_resource);
CREATE INDEX IF NOT EXISTS ix_tmf_resource_reference_lookup ON security_compliance_regulatory.tmf_resource_reference (tenant_id, source_table, source_canonical_id);
CREATE INDEX IF NOT EXISTS ix_tmf_characteristic_lookup ON security_compliance_regulatory.tmf_characteristic (tenant_id, source_table, characteristic_name);
CREATE INDEX IF NOT EXISTS ix_tmf_external_identifier_lookup ON security_compliance_regulatory.tmf_external_identifier (tenant_id, external_identifier_id);
CREATE INDEX IF NOT EXISTS ix_tmf_related_party_lookup ON security_compliance_regulatory.tmf_related_party (tenant_id, party_id);
CREATE INDEX IF NOT EXISTS ix_tmf_note_lookup ON security_compliance_regulatory.tmf_note (tenant_id, source_table, source_canonical_id);
CREATE INDEX IF NOT EXISTS ix_tmf_attachment_lookup ON security_compliance_regulatory.tmf_attachment (tenant_id, source_table, source_canonical_id);
CREATE INDEX IF NOT EXISTS ix_tmf_relationship_lookup ON security_compliance_regulatory.tmf_relationship (tenant_id, source_table, relationship_type);
CREATE INDEX IF NOT EXISTS ix_event_contract_lookup ON security_compliance_regulatory.event_contract (event_name, event_version);
CREATE INDEX IF NOT EXISTS ix_privacy_retention_policy_lookup ON security_compliance_regulatory.privacy_retention_policy (table_name);

COMMENT ON TABLE security_compliance_regulatory.tmf_api_resource_map IS 'V002 TMF support/control table for Security Operations, Compliance, And Regulatory.';
COMMENT ON TABLE security_compliance_regulatory.tmf_resource_reference IS 'V002 TMF support/control table for Security Operations, Compliance, And Regulatory.';
COMMENT ON TABLE security_compliance_regulatory.tmf_characteristic IS 'V002 TMF support/control table for Security Operations, Compliance, And Regulatory.';
COMMENT ON TABLE security_compliance_regulatory.tmf_external_identifier IS 'V002 TMF support/control table for Security Operations, Compliance, And Regulatory.';
COMMENT ON TABLE security_compliance_regulatory.tmf_related_party IS 'V002 TMF support/control table for Security Operations, Compliance, And Regulatory.';
COMMENT ON TABLE security_compliance_regulatory.tmf_note IS 'V002 TMF support/control table for Security Operations, Compliance, And Regulatory.';
COMMENT ON TABLE security_compliance_regulatory.tmf_attachment IS 'V002 TMF support/control table for Security Operations, Compliance, And Regulatory.';
COMMENT ON TABLE security_compliance_regulatory.tmf_relationship IS 'V002 TMF support/control table for Security Operations, Compliance, And Regulatory.';
COMMENT ON TABLE security_compliance_regulatory.event_contract IS 'V002 TMF support/control table for Security Operations, Compliance, And Regulatory.';
COMMENT ON TABLE security_compliance_regulatory.privacy_retention_policy IS 'V002 TMF support/control table for Security Operations, Compliance, And Regulatory.';


INSERT INTO security_compliance_regulatory.tmf_api_resource_map (tmf_api, tmf_resource, resource_path, anchor_table, field_strategy, local_spec_path, promoted_fields) VALUES ('TMF720', 'digitalIdentity', '/digitalIdentity', 'security_incident', 'Promote common TMF lifecycle/reference fields; store remaining validated resource fields in tmf_payload and characteristics tables.', 'references/tmforum-open-apis/openapi-specs/TMF720_DigitalIdentity/TMF720_Digital_Identity_Management_API_v4.0.0_swagger.json', '["id", "href", "creationDate", "lastUpdate", "nickname", "status", "attachment", "contactMedium", "credential", "individualIdentified", "partyRoleIdentified", "relatedParty", "resourceIdentified", "validFor", "@baseType", "@schemaLocation"]'::jsonb) ON CONFLICT (tmf_api, tmf_resource, anchor_table) DO UPDATE SET field_strategy = EXCLUDED.field_strategy, local_spec_path = EXCLUDED.local_spec_path, promoted_fields = EXCLUDED.promoted_fields, updated_at = now();
INSERT INTO security_compliance_regulatory.event_contract (event_name, event_version, tmf_api, tmf_resource, source_table, event_type, event_key_strategy, payload_basis, consumer_notes) VALUES ('security_compliance_regulatory.digital_identity.created', 'v1', 'TMF720', 'digitalIdentity', 'security_compliance_regulatory.security_incident', 'created', 'tenant_id + canonical_id + version', 'typed columns + tmf_payload snapshot', 'Register concrete consumers during integration design') ON CONFLICT (event_name, event_version) DO UPDATE SET source_table = EXCLUDED.source_table, payload_basis = EXCLUDED.payload_basis, updated_at = now();
INSERT INTO security_compliance_regulatory.event_contract (event_name, event_version, tmf_api, tmf_resource, source_table, event_type, event_key_strategy, payload_basis, consumer_notes) VALUES ('security_compliance_regulatory.digital_identity.updated', 'v1', 'TMF720', 'digitalIdentity', 'security_compliance_regulatory.security_incident', 'updated', 'tenant_id + canonical_id + version', 'typed columns + tmf_payload snapshot', 'Register concrete consumers during integration design') ON CONFLICT (event_name, event_version) DO UPDATE SET source_table = EXCLUDED.source_table, payload_basis = EXCLUDED.payload_basis, updated_at = now();
INSERT INTO security_compliance_regulatory.event_contract (event_name, event_version, tmf_api, tmf_resource, source_table, event_type, event_key_strategy, payload_basis, consumer_notes) VALUES ('security_compliance_regulatory.digital_identity.stateChanged', 'v1', 'TMF720', 'digitalIdentity', 'security_compliance_regulatory.security_incident', 'stateChanged', 'tenant_id + canonical_id + version', 'typed columns + tmf_payload snapshot', 'Register concrete consumers during integration design') ON CONFLICT (event_name, event_version) DO UPDATE SET source_table = EXCLUDED.source_table, payload_basis = EXCLUDED.payload_basis, updated_at = now();
INSERT INTO security_compliance_regulatory.event_contract (event_name, event_version, tmf_api, tmf_resource, source_table, event_type, event_key_strategy, payload_basis, consumer_notes) VALUES ('security_compliance_regulatory.digital_identity.deleted', 'v1', 'TMF720', 'digitalIdentity', 'security_compliance_regulatory.security_incident', 'deleted', 'tenant_id + canonical_id + version', 'typed columns + tmf_payload snapshot', 'Register concrete consumers during integration design') ON CONFLICT (event_name, event_version) DO UPDATE SET source_table = EXCLUDED.source_table, payload_basis = EXCLUDED.payload_basis, updated_at = now();
INSERT INTO security_compliance_regulatory.tmf_api_resource_map (tmf_api, tmf_resource, resource_path, anchor_table, field_strategy, local_spec_path, promoted_fields) VALUES ('TMF672', 'checkPermission', '/checkPermission', 'security_incident', 'Promote common TMF metadata; store resource-specific fields in tmf_payload until query patterns justify additional typed columns.', 'references/tmforum-open-apis/openapi-specs/TMF672_UserRolesPermissions/TMF672-User_Role_Permission_Management_API-v5.1.0.oas.yaml', '[]'::jsonb) ON CONFLICT (tmf_api, tmf_resource, anchor_table) DO UPDATE SET field_strategy = EXCLUDED.field_strategy, local_spec_path = EXCLUDED.local_spec_path, promoted_fields = EXCLUDED.promoted_fields, updated_at = now();
INSERT INTO security_compliance_regulatory.event_contract (event_name, event_version, tmf_api, tmf_resource, source_table, event_type, event_key_strategy, payload_basis, consumer_notes) VALUES ('security_compliance_regulatory.check_permission.created', 'v1', 'TMF672', 'checkPermission', 'security_compliance_regulatory.security_incident', 'created', 'tenant_id + canonical_id + version', 'typed columns + tmf_payload snapshot', 'Register concrete consumers during integration design') ON CONFLICT (event_name, event_version) DO UPDATE SET source_table = EXCLUDED.source_table, payload_basis = EXCLUDED.payload_basis, updated_at = now();
INSERT INTO security_compliance_regulatory.event_contract (event_name, event_version, tmf_api, tmf_resource, source_table, event_type, event_key_strategy, payload_basis, consumer_notes) VALUES ('security_compliance_regulatory.check_permission.updated', 'v1', 'TMF672', 'checkPermission', 'security_compliance_regulatory.security_incident', 'updated', 'tenant_id + canonical_id + version', 'typed columns + tmf_payload snapshot', 'Register concrete consumers during integration design') ON CONFLICT (event_name, event_version) DO UPDATE SET source_table = EXCLUDED.source_table, payload_basis = EXCLUDED.payload_basis, updated_at = now();
INSERT INTO security_compliance_regulatory.event_contract (event_name, event_version, tmf_api, tmf_resource, source_table, event_type, event_key_strategy, payload_basis, consumer_notes) VALUES ('security_compliance_regulatory.check_permission.stateChanged', 'v1', 'TMF672', 'checkPermission', 'security_compliance_regulatory.security_incident', 'stateChanged', 'tenant_id + canonical_id + version', 'typed columns + tmf_payload snapshot', 'Register concrete consumers during integration design') ON CONFLICT (event_name, event_version) DO UPDATE SET source_table = EXCLUDED.source_table, payload_basis = EXCLUDED.payload_basis, updated_at = now();
INSERT INTO security_compliance_regulatory.event_contract (event_name, event_version, tmf_api, tmf_resource, source_table, event_type, event_key_strategy, payload_basis, consumer_notes) VALUES ('security_compliance_regulatory.check_permission.deleted', 'v1', 'TMF672', 'checkPermission', 'security_compliance_regulatory.security_incident', 'deleted', 'tenant_id + canonical_id + version', 'typed columns + tmf_payload snapshot', 'Register concrete consumers during integration design') ON CONFLICT (event_name, event_version) DO UPDATE SET source_table = EXCLUDED.source_table, payload_basis = EXCLUDED.payload_basis, updated_at = now();
INSERT INTO security_compliance_regulatory.tmf_api_resource_map (tmf_api, tmf_resource, resource_path, anchor_table, field_strategy, local_spec_path, promoted_fields) VALUES ('TMF672', 'permissionSet', '/permissionSet', 'security_incident', 'Promote common TMF metadata; store resource-specific fields in tmf_payload until query patterns justify additional typed columns.', 'references/tmforum-open-apis/openapi-specs/TMF672_UserRolesPermissions/TMF672-User_Role_Permission_Management_API-v5.1.0.oas.yaml', '[]'::jsonb) ON CONFLICT (tmf_api, tmf_resource, anchor_table) DO UPDATE SET field_strategy = EXCLUDED.field_strategy, local_spec_path = EXCLUDED.local_spec_path, promoted_fields = EXCLUDED.promoted_fields, updated_at = now();
INSERT INTO security_compliance_regulatory.event_contract (event_name, event_version, tmf_api, tmf_resource, source_table, event_type, event_key_strategy, payload_basis, consumer_notes) VALUES ('security_compliance_regulatory.permission_set.created', 'v1', 'TMF672', 'permissionSet', 'security_compliance_regulatory.security_incident', 'created', 'tenant_id + canonical_id + version', 'typed columns + tmf_payload snapshot', 'Register concrete consumers during integration design') ON CONFLICT (event_name, event_version) DO UPDATE SET source_table = EXCLUDED.source_table, payload_basis = EXCLUDED.payload_basis, updated_at = now();
INSERT INTO security_compliance_regulatory.event_contract (event_name, event_version, tmf_api, tmf_resource, source_table, event_type, event_key_strategy, payload_basis, consumer_notes) VALUES ('security_compliance_regulatory.permission_set.updated', 'v1', 'TMF672', 'permissionSet', 'security_compliance_regulatory.security_incident', 'updated', 'tenant_id + canonical_id + version', 'typed columns + tmf_payload snapshot', 'Register concrete consumers during integration design') ON CONFLICT (event_name, event_version) DO UPDATE SET source_table = EXCLUDED.source_table, payload_basis = EXCLUDED.payload_basis, updated_at = now();
INSERT INTO security_compliance_regulatory.event_contract (event_name, event_version, tmf_api, tmf_resource, source_table, event_type, event_key_strategy, payload_basis, consumer_notes) VALUES ('security_compliance_regulatory.permission_set.stateChanged', 'v1', 'TMF672', 'permissionSet', 'security_compliance_regulatory.security_incident', 'stateChanged', 'tenant_id + canonical_id + version', 'typed columns + tmf_payload snapshot', 'Register concrete consumers during integration design') ON CONFLICT (event_name, event_version) DO UPDATE SET source_table = EXCLUDED.source_table, payload_basis = EXCLUDED.payload_basis, updated_at = now();
INSERT INTO security_compliance_regulatory.event_contract (event_name, event_version, tmf_api, tmf_resource, source_table, event_type, event_key_strategy, payload_basis, consumer_notes) VALUES ('security_compliance_regulatory.permission_set.deleted', 'v1', 'TMF672', 'permissionSet', 'security_compliance_regulatory.security_incident', 'deleted', 'tenant_id + canonical_id + version', 'typed columns + tmf_payload snapshot', 'Register concrete consumers during integration design') ON CONFLICT (event_name, event_version) DO UPDATE SET source_table = EXCLUDED.source_table, payload_basis = EXCLUDED.payload_basis, updated_at = now();
INSERT INTO security_compliance_regulatory.tmf_api_resource_map (tmf_api, tmf_resource, resource_path, anchor_table, field_strategy, local_spec_path, promoted_fields) VALUES ('TMF672', 'permissionSpecification', '/permissionSpecification', 'security_incident', 'Promote common TMF metadata; store resource-specific fields in tmf_payload until query patterns justify additional typed columns.', 'references/tmforum-open-apis/openapi-specs/TMF672_UserRolesPermissions/TMF672-User_Role_Permission_Management_API-v5.1.0.oas.yaml', '[]'::jsonb) ON CONFLICT (tmf_api, tmf_resource, anchor_table) DO UPDATE SET field_strategy = EXCLUDED.field_strategy, local_spec_path = EXCLUDED.local_spec_path, promoted_fields = EXCLUDED.promoted_fields, updated_at = now();
INSERT INTO security_compliance_regulatory.event_contract (event_name, event_version, tmf_api, tmf_resource, source_table, event_type, event_key_strategy, payload_basis, consumer_notes) VALUES ('security_compliance_regulatory.permission_specification.created', 'v1', 'TMF672', 'permissionSpecification', 'security_compliance_regulatory.security_incident', 'created', 'tenant_id + canonical_id + version', 'typed columns + tmf_payload snapshot', 'Register concrete consumers during integration design') ON CONFLICT (event_name, event_version) DO UPDATE SET source_table = EXCLUDED.source_table, payload_basis = EXCLUDED.payload_basis, updated_at = now();
INSERT INTO security_compliance_regulatory.event_contract (event_name, event_version, tmf_api, tmf_resource, source_table, event_type, event_key_strategy, payload_basis, consumer_notes) VALUES ('security_compliance_regulatory.permission_specification.updated', 'v1', 'TMF672', 'permissionSpecification', 'security_compliance_regulatory.security_incident', 'updated', 'tenant_id + canonical_id + version', 'typed columns + tmf_payload snapshot', 'Register concrete consumers during integration design') ON CONFLICT (event_name, event_version) DO UPDATE SET source_table = EXCLUDED.source_table, payload_basis = EXCLUDED.payload_basis, updated_at = now();
INSERT INTO security_compliance_regulatory.event_contract (event_name, event_version, tmf_api, tmf_resource, source_table, event_type, event_key_strategy, payload_basis, consumer_notes) VALUES ('security_compliance_regulatory.permission_specification.stateChanged', 'v1', 'TMF672', 'permissionSpecification', 'security_compliance_regulatory.security_incident', 'stateChanged', 'tenant_id + canonical_id + version', 'typed columns + tmf_payload snapshot', 'Register concrete consumers during integration design') ON CONFLICT (event_name, event_version) DO UPDATE SET source_table = EXCLUDED.source_table, payload_basis = EXCLUDED.payload_basis, updated_at = now();
INSERT INTO security_compliance_regulatory.event_contract (event_name, event_version, tmf_api, tmf_resource, source_table, event_type, event_key_strategy, payload_basis, consumer_notes) VALUES ('security_compliance_regulatory.permission_specification.deleted', 'v1', 'TMF672', 'permissionSpecification', 'security_compliance_regulatory.security_incident', 'deleted', 'tenant_id + canonical_id + version', 'typed columns + tmf_payload snapshot', 'Register concrete consumers during integration design') ON CONFLICT (event_name, event_version) DO UPDATE SET source_table = EXCLUDED.source_table, payload_basis = EXCLUDED.payload_basis, updated_at = now();
INSERT INTO security_compliance_regulatory.tmf_api_resource_map (tmf_api, tmf_resource, resource_path, anchor_table, field_strategy, local_spec_path, promoted_fields) VALUES ('TMF672', 'permissionSpecificationSet', '/permissionSpecificationSet', 'security_incident', 'Promote common TMF metadata; store resource-specific fields in tmf_payload until query patterns justify additional typed columns.', 'references/tmforum-open-apis/openapi-specs/TMF672_UserRolesPermissions/TMF672-User_Role_Permission_Management_API-v5.1.0.oas.yaml', '[]'::jsonb) ON CONFLICT (tmf_api, tmf_resource, anchor_table) DO UPDATE SET field_strategy = EXCLUDED.field_strategy, local_spec_path = EXCLUDED.local_spec_path, promoted_fields = EXCLUDED.promoted_fields, updated_at = now();
INSERT INTO security_compliance_regulatory.event_contract (event_name, event_version, tmf_api, tmf_resource, source_table, event_type, event_key_strategy, payload_basis, consumer_notes) VALUES ('security_compliance_regulatory.permission_specification_set.created', 'v1', 'TMF672', 'permissionSpecificationSet', 'security_compliance_regulatory.security_incident', 'created', 'tenant_id + canonical_id + version', 'typed columns + tmf_payload snapshot', 'Register concrete consumers during integration design') ON CONFLICT (event_name, event_version) DO UPDATE SET source_table = EXCLUDED.source_table, payload_basis = EXCLUDED.payload_basis, updated_at = now();
INSERT INTO security_compliance_regulatory.event_contract (event_name, event_version, tmf_api, tmf_resource, source_table, event_type, event_key_strategy, payload_basis, consumer_notes) VALUES ('security_compliance_regulatory.permission_specification_set.updated', 'v1', 'TMF672', 'permissionSpecificationSet', 'security_compliance_regulatory.security_incident', 'updated', 'tenant_id + canonical_id + version', 'typed columns + tmf_payload snapshot', 'Register concrete consumers during integration design') ON CONFLICT (event_name, event_version) DO UPDATE SET source_table = EXCLUDED.source_table, payload_basis = EXCLUDED.payload_basis, updated_at = now();
INSERT INTO security_compliance_regulatory.event_contract (event_name, event_version, tmf_api, tmf_resource, source_table, event_type, event_key_strategy, payload_basis, consumer_notes) VALUES ('security_compliance_regulatory.permission_specification_set.stateChanged', 'v1', 'TMF672', 'permissionSpecificationSet', 'security_compliance_regulatory.security_incident', 'stateChanged', 'tenant_id + canonical_id + version', 'typed columns + tmf_payload snapshot', 'Register concrete consumers during integration design') ON CONFLICT (event_name, event_version) DO UPDATE SET source_table = EXCLUDED.source_table, payload_basis = EXCLUDED.payload_basis, updated_at = now();
INSERT INTO security_compliance_regulatory.event_contract (event_name, event_version, tmf_api, tmf_resource, source_table, event_type, event_key_strategy, payload_basis, consumer_notes) VALUES ('security_compliance_regulatory.permission_specification_set.deleted', 'v1', 'TMF672', 'permissionSpecificationSet', 'security_compliance_regulatory.security_incident', 'deleted', 'tenant_id + canonical_id + version', 'typed columns + tmf_payload snapshot', 'Register concrete consumers during integration design') ON CONFLICT (event_name, event_version) DO UPDATE SET source_table = EXCLUDED.source_table, payload_basis = EXCLUDED.payload_basis, updated_at = now();
INSERT INTO security_compliance_regulatory.tmf_api_resource_map (tmf_api, tmf_resource, resource_path, anchor_table, field_strategy, local_spec_path, promoted_fields) VALUES ('TMF696', 'partyRoleProductOfferingRiskAssessment', '/partyRoleProductOfferingRiskAssessment', 'compliance_control', 'Promote common TMF lifecycle/reference fields; store remaining validated resource fields in tmf_payload and characteristics tables.', 'references/tmforum-open-apis/openapi-specs/TMF696_RiskManagement/TMF696_Risk_Management_API_v4.0.0_swagger.json', '["id", "href", "status", "characteristic", "partyRole", "place", "productOffering", "riskAssessmentResult", "@baseType", "@schemaLocation", "@type"]'::jsonb) ON CONFLICT (tmf_api, tmf_resource, anchor_table) DO UPDATE SET field_strategy = EXCLUDED.field_strategy, local_spec_path = EXCLUDED.local_spec_path, promoted_fields = EXCLUDED.promoted_fields, updated_at = now();
INSERT INTO security_compliance_regulatory.event_contract (event_name, event_version, tmf_api, tmf_resource, source_table, event_type, event_key_strategy, payload_basis, consumer_notes) VALUES ('security_compliance_regulatory.party_role_product_offering_risk_assessment.created', 'v1', 'TMF696', 'partyRoleProductOfferingRiskAssessment', 'security_compliance_regulatory.compliance_control', 'created', 'tenant_id + canonical_id + version', 'typed columns + tmf_payload snapshot', 'Register concrete consumers during integration design') ON CONFLICT (event_name, event_version) DO UPDATE SET source_table = EXCLUDED.source_table, payload_basis = EXCLUDED.payload_basis, updated_at = now();
INSERT INTO security_compliance_regulatory.event_contract (event_name, event_version, tmf_api, tmf_resource, source_table, event_type, event_key_strategy, payload_basis, consumer_notes) VALUES ('security_compliance_regulatory.party_role_product_offering_risk_assessment.updated', 'v1', 'TMF696', 'partyRoleProductOfferingRiskAssessment', 'security_compliance_regulatory.compliance_control', 'updated', 'tenant_id + canonical_id + version', 'typed columns + tmf_payload snapshot', 'Register concrete consumers during integration design') ON CONFLICT (event_name, event_version) DO UPDATE SET source_table = EXCLUDED.source_table, payload_basis = EXCLUDED.payload_basis, updated_at = now();
INSERT INTO security_compliance_regulatory.event_contract (event_name, event_version, tmf_api, tmf_resource, source_table, event_type, event_key_strategy, payload_basis, consumer_notes) VALUES ('security_compliance_regulatory.party_role_product_offering_risk_assessment.stateChanged', 'v1', 'TMF696', 'partyRoleProductOfferingRiskAssessment', 'security_compliance_regulatory.compliance_control', 'stateChanged', 'tenant_id + canonical_id + version', 'typed columns + tmf_payload snapshot', 'Register concrete consumers during integration design') ON CONFLICT (event_name, event_version) DO UPDATE SET source_table = EXCLUDED.source_table, payload_basis = EXCLUDED.payload_basis, updated_at = now();
INSERT INTO security_compliance_regulatory.event_contract (event_name, event_version, tmf_api, tmf_resource, source_table, event_type, event_key_strategy, payload_basis, consumer_notes) VALUES ('security_compliance_regulatory.party_role_product_offering_risk_assessment.deleted', 'v1', 'TMF696', 'partyRoleProductOfferingRiskAssessment', 'security_compliance_regulatory.compliance_control', 'deleted', 'tenant_id + canonical_id + version', 'typed columns + tmf_payload snapshot', 'Register concrete consumers during integration design') ON CONFLICT (event_name, event_version) DO UPDATE SET source_table = EXCLUDED.source_table, payload_basis = EXCLUDED.payload_basis, updated_at = now();
INSERT INTO security_compliance_regulatory.tmf_api_resource_map (tmf_api, tmf_resource, resource_path, anchor_table, field_strategy, local_spec_path, promoted_fields) VALUES ('TMF696', 'partyRoleRiskAssessment', '/partyRoleRiskAssessment', 'compliance_control', 'Promote common TMF lifecycle/reference fields; store remaining validated resource fields in tmf_payload and characteristics tables.', 'references/tmforum-open-apis/openapi-specs/TMF696_RiskManagement/TMF696_Risk_Management_API_v4.0.0_swagger.json', '["id", "href", "status", "characteristic", "place", "riskAssessmentResult", "@baseType", "@schemaLocation", "@type"]'::jsonb) ON CONFLICT (tmf_api, tmf_resource, anchor_table) DO UPDATE SET field_strategy = EXCLUDED.field_strategy, local_spec_path = EXCLUDED.local_spec_path, promoted_fields = EXCLUDED.promoted_fields, updated_at = now();
INSERT INTO security_compliance_regulatory.event_contract (event_name, event_version, tmf_api, tmf_resource, source_table, event_type, event_key_strategy, payload_basis, consumer_notes) VALUES ('security_compliance_regulatory.party_role_risk_assessment.created', 'v1', 'TMF696', 'partyRoleRiskAssessment', 'security_compliance_regulatory.compliance_control', 'created', 'tenant_id + canonical_id + version', 'typed columns + tmf_payload snapshot', 'Register concrete consumers during integration design') ON CONFLICT (event_name, event_version) DO UPDATE SET source_table = EXCLUDED.source_table, payload_basis = EXCLUDED.payload_basis, updated_at = now();
INSERT INTO security_compliance_regulatory.event_contract (event_name, event_version, tmf_api, tmf_resource, source_table, event_type, event_key_strategy, payload_basis, consumer_notes) VALUES ('security_compliance_regulatory.party_role_risk_assessment.updated', 'v1', 'TMF696', 'partyRoleRiskAssessment', 'security_compliance_regulatory.compliance_control', 'updated', 'tenant_id + canonical_id + version', 'typed columns + tmf_payload snapshot', 'Register concrete consumers during integration design') ON CONFLICT (event_name, event_version) DO UPDATE SET source_table = EXCLUDED.source_table, payload_basis = EXCLUDED.payload_basis, updated_at = now();
INSERT INTO security_compliance_regulatory.event_contract (event_name, event_version, tmf_api, tmf_resource, source_table, event_type, event_key_strategy, payload_basis, consumer_notes) VALUES ('security_compliance_regulatory.party_role_risk_assessment.stateChanged', 'v1', 'TMF696', 'partyRoleRiskAssessment', 'security_compliance_regulatory.compliance_control', 'stateChanged', 'tenant_id + canonical_id + version', 'typed columns + tmf_payload snapshot', 'Register concrete consumers during integration design') ON CONFLICT (event_name, event_version) DO UPDATE SET source_table = EXCLUDED.source_table, payload_basis = EXCLUDED.payload_basis, updated_at = now();
INSERT INTO security_compliance_regulatory.event_contract (event_name, event_version, tmf_api, tmf_resource, source_table, event_type, event_key_strategy, payload_basis, consumer_notes) VALUES ('security_compliance_regulatory.party_role_risk_assessment.deleted', 'v1', 'TMF696', 'partyRoleRiskAssessment', 'security_compliance_regulatory.compliance_control', 'deleted', 'tenant_id + canonical_id + version', 'typed columns + tmf_payload snapshot', 'Register concrete consumers during integration design') ON CONFLICT (event_name, event_version) DO UPDATE SET source_table = EXCLUDED.source_table, payload_basis = EXCLUDED.payload_basis, updated_at = now();
INSERT INTO security_compliance_regulatory.tmf_api_resource_map (tmf_api, tmf_resource, resource_path, anchor_table, field_strategy, local_spec_path, promoted_fields) VALUES ('TMF696', 'productOfferingRiskAssessment', '/productOfferingRiskAssessment', 'compliance_control', 'Promote common TMF lifecycle/reference fields; store remaining validated resource fields in tmf_payload and characteristics tables.', 'references/tmforum-open-apis/openapi-specs/TMF696_RiskManagement/TMF696_Risk_Management_API_v4.0.0_swagger.json', '["id", "href", "status", "characteristic", "partyRole", "place", "productOffering", "riskAssessmentResult", "@baseType", "@schemaLocation", "@type"]'::jsonb) ON CONFLICT (tmf_api, tmf_resource, anchor_table) DO UPDATE SET field_strategy = EXCLUDED.field_strategy, local_spec_path = EXCLUDED.local_spec_path, promoted_fields = EXCLUDED.promoted_fields, updated_at = now();
INSERT INTO security_compliance_regulatory.event_contract (event_name, event_version, tmf_api, tmf_resource, source_table, event_type, event_key_strategy, payload_basis, consumer_notes) VALUES ('security_compliance_regulatory.product_offering_risk_assessment.created', 'v1', 'TMF696', 'productOfferingRiskAssessment', 'security_compliance_regulatory.compliance_control', 'created', 'tenant_id + canonical_id + version', 'typed columns + tmf_payload snapshot', 'Register concrete consumers during integration design') ON CONFLICT (event_name, event_version) DO UPDATE SET source_table = EXCLUDED.source_table, payload_basis = EXCLUDED.payload_basis, updated_at = now();
INSERT INTO security_compliance_regulatory.event_contract (event_name, event_version, tmf_api, tmf_resource, source_table, event_type, event_key_strategy, payload_basis, consumer_notes) VALUES ('security_compliance_regulatory.product_offering_risk_assessment.updated', 'v1', 'TMF696', 'productOfferingRiskAssessment', 'security_compliance_regulatory.compliance_control', 'updated', 'tenant_id + canonical_id + version', 'typed columns + tmf_payload snapshot', 'Register concrete consumers during integration design') ON CONFLICT (event_name, event_version) DO UPDATE SET source_table = EXCLUDED.source_table, payload_basis = EXCLUDED.payload_basis, updated_at = now();
INSERT INTO security_compliance_regulatory.event_contract (event_name, event_version, tmf_api, tmf_resource, source_table, event_type, event_key_strategy, payload_basis, consumer_notes) VALUES ('security_compliance_regulatory.product_offering_risk_assessment.stateChanged', 'v1', 'TMF696', 'productOfferingRiskAssessment', 'security_compliance_regulatory.compliance_control', 'stateChanged', 'tenant_id + canonical_id + version', 'typed columns + tmf_payload snapshot', 'Register concrete consumers during integration design') ON CONFLICT (event_name, event_version) DO UPDATE SET source_table = EXCLUDED.source_table, payload_basis = EXCLUDED.payload_basis, updated_at = now();
INSERT INTO security_compliance_regulatory.event_contract (event_name, event_version, tmf_api, tmf_resource, source_table, event_type, event_key_strategy, payload_basis, consumer_notes) VALUES ('security_compliance_regulatory.product_offering_risk_assessment.deleted', 'v1', 'TMF696', 'productOfferingRiskAssessment', 'security_compliance_regulatory.compliance_control', 'deleted', 'tenant_id + canonical_id + version', 'typed columns + tmf_payload snapshot', 'Register concrete consumers during integration design') ON CONFLICT (event_name, event_version) DO UPDATE SET source_table = EXCLUDED.source_table, payload_basis = EXCLUDED.payload_basis, updated_at = now();
INSERT INTO security_compliance_regulatory.tmf_api_resource_map (tmf_api, tmf_resource, resource_path, anchor_table, field_strategy, local_spec_path, promoted_fields) VALUES ('TMF696', 'productOrderRiskAssessment', '/productOrderRiskAssessment', 'compliance_control', 'Promote common TMF lifecycle/reference fields; store remaining validated resource fields in tmf_payload and characteristics tables.', 'references/tmforum-open-apis/openapi-specs/TMF696_RiskManagement/TMF696_Risk_Management_API_v4.0.0_swagger.json', '["id", "href", "status", "characteristic", "place", "productOrder", "riskAssessmentResult", "@baseType", "@schemaLocation", "@type"]'::jsonb) ON CONFLICT (tmf_api, tmf_resource, anchor_table) DO UPDATE SET field_strategy = EXCLUDED.field_strategy, local_spec_path = EXCLUDED.local_spec_path, promoted_fields = EXCLUDED.promoted_fields, updated_at = now();
INSERT INTO security_compliance_regulatory.event_contract (event_name, event_version, tmf_api, tmf_resource, source_table, event_type, event_key_strategy, payload_basis, consumer_notes) VALUES ('security_compliance_regulatory.product_order_risk_assessment.created', 'v1', 'TMF696', 'productOrderRiskAssessment', 'security_compliance_regulatory.compliance_control', 'created', 'tenant_id + canonical_id + version', 'typed columns + tmf_payload snapshot', 'Register concrete consumers during integration design') ON CONFLICT (event_name, event_version) DO UPDATE SET source_table = EXCLUDED.source_table, payload_basis = EXCLUDED.payload_basis, updated_at = now();
INSERT INTO security_compliance_regulatory.event_contract (event_name, event_version, tmf_api, tmf_resource, source_table, event_type, event_key_strategy, payload_basis, consumer_notes) VALUES ('security_compliance_regulatory.product_order_risk_assessment.updated', 'v1', 'TMF696', 'productOrderRiskAssessment', 'security_compliance_regulatory.compliance_control', 'updated', 'tenant_id + canonical_id + version', 'typed columns + tmf_payload snapshot', 'Register concrete consumers during integration design') ON CONFLICT (event_name, event_version) DO UPDATE SET source_table = EXCLUDED.source_table, payload_basis = EXCLUDED.payload_basis, updated_at = now();
INSERT INTO security_compliance_regulatory.event_contract (event_name, event_version, tmf_api, tmf_resource, source_table, event_type, event_key_strategy, payload_basis, consumer_notes) VALUES ('security_compliance_regulatory.product_order_risk_assessment.stateChanged', 'v1', 'TMF696', 'productOrderRiskAssessment', 'security_compliance_regulatory.compliance_control', 'stateChanged', 'tenant_id + canonical_id + version', 'typed columns + tmf_payload snapshot', 'Register concrete consumers during integration design') ON CONFLICT (event_name, event_version) DO UPDATE SET source_table = EXCLUDED.source_table, payload_basis = EXCLUDED.payload_basis, updated_at = now();
INSERT INTO security_compliance_regulatory.event_contract (event_name, event_version, tmf_api, tmf_resource, source_table, event_type, event_key_strategy, payload_basis, consumer_notes) VALUES ('security_compliance_regulatory.product_order_risk_assessment.deleted', 'v1', 'TMF696', 'productOrderRiskAssessment', 'security_compliance_regulatory.compliance_control', 'deleted', 'tenant_id + canonical_id + version', 'typed columns + tmf_payload snapshot', 'Register concrete consumers during integration design') ON CONFLICT (event_name, event_version) DO UPDATE SET source_table = EXCLUDED.source_table, payload_basis = EXCLUDED.payload_basis, updated_at = now();
INSERT INTO security_compliance_regulatory.tmf_api_resource_map (tmf_api, tmf_resource, resource_path, anchor_table, field_strategy, local_spec_path, promoted_fields) VALUES ('TMF696', 'shoppingCartRiskAssessment', '/shoppingCartRiskAssessment', 'compliance_control', 'Promote common TMF lifecycle/reference fields; store remaining validated resource fields in tmf_payload and characteristics tables.', 'references/tmforum-open-apis/openapi-specs/TMF696_RiskManagement/TMF696_Risk_Management_API_v4.0.0_swagger.json', '["id", "href", "status", "characteristic", "place", "riskAssessmentResult", "shoppingCart", "@baseType", "@schemaLocation", "@type"]'::jsonb) ON CONFLICT (tmf_api, tmf_resource, anchor_table) DO UPDATE SET field_strategy = EXCLUDED.field_strategy, local_spec_path = EXCLUDED.local_spec_path, promoted_fields = EXCLUDED.promoted_fields, updated_at = now();
INSERT INTO security_compliance_regulatory.event_contract (event_name, event_version, tmf_api, tmf_resource, source_table, event_type, event_key_strategy, payload_basis, consumer_notes) VALUES ('security_compliance_regulatory.shopping_cart_risk_assessment.created', 'v1', 'TMF696', 'shoppingCartRiskAssessment', 'security_compliance_regulatory.compliance_control', 'created', 'tenant_id + canonical_id + version', 'typed columns + tmf_payload snapshot', 'Register concrete consumers during integration design') ON CONFLICT (event_name, event_version) DO UPDATE SET source_table = EXCLUDED.source_table, payload_basis = EXCLUDED.payload_basis, updated_at = now();
INSERT INTO security_compliance_regulatory.event_contract (event_name, event_version, tmf_api, tmf_resource, source_table, event_type, event_key_strategy, payload_basis, consumer_notes) VALUES ('security_compliance_regulatory.shopping_cart_risk_assessment.updated', 'v1', 'TMF696', 'shoppingCartRiskAssessment', 'security_compliance_regulatory.compliance_control', 'updated', 'tenant_id + canonical_id + version', 'typed columns + tmf_payload snapshot', 'Register concrete consumers during integration design') ON CONFLICT (event_name, event_version) DO UPDATE SET source_table = EXCLUDED.source_table, payload_basis = EXCLUDED.payload_basis, updated_at = now();
INSERT INTO security_compliance_regulatory.event_contract (event_name, event_version, tmf_api, tmf_resource, source_table, event_type, event_key_strategy, payload_basis, consumer_notes) VALUES ('security_compliance_regulatory.shopping_cart_risk_assessment.stateChanged', 'v1', 'TMF696', 'shoppingCartRiskAssessment', 'security_compliance_regulatory.compliance_control', 'stateChanged', 'tenant_id + canonical_id + version', 'typed columns + tmf_payload snapshot', 'Register concrete consumers during integration design') ON CONFLICT (event_name, event_version) DO UPDATE SET source_table = EXCLUDED.source_table, payload_basis = EXCLUDED.payload_basis, updated_at = now();
INSERT INTO security_compliance_regulatory.event_contract (event_name, event_version, tmf_api, tmf_resource, source_table, event_type, event_key_strategy, payload_basis, consumer_notes) VALUES ('security_compliance_regulatory.shopping_cart_risk_assessment.deleted', 'v1', 'TMF696', 'shoppingCartRiskAssessment', 'security_compliance_regulatory.compliance_control', 'deleted', 'tenant_id + canonical_id + version', 'typed columns + tmf_payload snapshot', 'Register concrete consumers during integration design') ON CONFLICT (event_name, event_version) DO UPDATE SET source_table = EXCLUDED.source_table, payload_basis = EXCLUDED.payload_basis, updated_at = now();
INSERT INTO security_compliance_regulatory.tmf_api_resource_map (tmf_api, tmf_resource, resource_path, anchor_table, field_strategy, local_spec_path, promoted_fields) VALUES ('TMF621', 'troubleTicket', '/troubleTicket', 'security_incident', 'Promote common TMF metadata; store resource-specific fields in tmf_payload until query patterns justify additional typed columns.', 'references/tmforum-open-apis/openapi-specs/TMF621_TroubleTicket/TMF621-Trouble_Ticket-v5.0.1.oas.yaml', '[]'::jsonb) ON CONFLICT (tmf_api, tmf_resource, anchor_table) DO UPDATE SET field_strategy = EXCLUDED.field_strategy, local_spec_path = EXCLUDED.local_spec_path, promoted_fields = EXCLUDED.promoted_fields, updated_at = now();
INSERT INTO security_compliance_regulatory.event_contract (event_name, event_version, tmf_api, tmf_resource, source_table, event_type, event_key_strategy, payload_basis, consumer_notes) VALUES ('security_compliance_regulatory.trouble_ticket.created', 'v1', 'TMF621', 'troubleTicket', 'security_compliance_regulatory.security_incident', 'created', 'tenant_id + canonical_id + version', 'typed columns + tmf_payload snapshot', 'Register concrete consumers during integration design') ON CONFLICT (event_name, event_version) DO UPDATE SET source_table = EXCLUDED.source_table, payload_basis = EXCLUDED.payload_basis, updated_at = now();
INSERT INTO security_compliance_regulatory.event_contract (event_name, event_version, tmf_api, tmf_resource, source_table, event_type, event_key_strategy, payload_basis, consumer_notes) VALUES ('security_compliance_regulatory.trouble_ticket.updated', 'v1', 'TMF621', 'troubleTicket', 'security_compliance_regulatory.security_incident', 'updated', 'tenant_id + canonical_id + version', 'typed columns + tmf_payload snapshot', 'Register concrete consumers during integration design') ON CONFLICT (event_name, event_version) DO UPDATE SET source_table = EXCLUDED.source_table, payload_basis = EXCLUDED.payload_basis, updated_at = now();
INSERT INTO security_compliance_regulatory.event_contract (event_name, event_version, tmf_api, tmf_resource, source_table, event_type, event_key_strategy, payload_basis, consumer_notes) VALUES ('security_compliance_regulatory.trouble_ticket.stateChanged', 'v1', 'TMF621', 'troubleTicket', 'security_compliance_regulatory.security_incident', 'stateChanged', 'tenant_id + canonical_id + version', 'typed columns + tmf_payload snapshot', 'Register concrete consumers during integration design') ON CONFLICT (event_name, event_version) DO UPDATE SET source_table = EXCLUDED.source_table, payload_basis = EXCLUDED.payload_basis, updated_at = now();
INSERT INTO security_compliance_regulatory.event_contract (event_name, event_version, tmf_api, tmf_resource, source_table, event_type, event_key_strategy, payload_basis, consumer_notes) VALUES ('security_compliance_regulatory.trouble_ticket.deleted', 'v1', 'TMF621', 'troubleTicket', 'security_compliance_regulatory.security_incident', 'deleted', 'tenant_id + canonical_id + version', 'typed columns + tmf_payload snapshot', 'Register concrete consumers during integration design') ON CONFLICT (event_name, event_version) DO UPDATE SET source_table = EXCLUDED.source_table, payload_basis = EXCLUDED.payload_basis, updated_at = now();
INSERT INTO security_compliance_regulatory.tmf_api_resource_map (tmf_api, tmf_resource, resource_path, anchor_table, field_strategy, local_spec_path, promoted_fields) VALUES ('TMF621', 'troubleTicketSpecification', '/troubleTicketSpecification', 'security_incident', 'Promote common TMF metadata; store resource-specific fields in tmf_payload until query patterns justify additional typed columns.', 'references/tmforum-open-apis/openapi-specs/TMF621_TroubleTicket/TMF621-Trouble_Ticket-v5.0.1.oas.yaml', '[]'::jsonb) ON CONFLICT (tmf_api, tmf_resource, anchor_table) DO UPDATE SET field_strategy = EXCLUDED.field_strategy, local_spec_path = EXCLUDED.local_spec_path, promoted_fields = EXCLUDED.promoted_fields, updated_at = now();
INSERT INTO security_compliance_regulatory.event_contract (event_name, event_version, tmf_api, tmf_resource, source_table, event_type, event_key_strategy, payload_basis, consumer_notes) VALUES ('security_compliance_regulatory.trouble_ticket_specification.created', 'v1', 'TMF621', 'troubleTicketSpecification', 'security_compliance_regulatory.security_incident', 'created', 'tenant_id + canonical_id + version', 'typed columns + tmf_payload snapshot', 'Register concrete consumers during integration design') ON CONFLICT (event_name, event_version) DO UPDATE SET source_table = EXCLUDED.source_table, payload_basis = EXCLUDED.payload_basis, updated_at = now();
INSERT INTO security_compliance_regulatory.event_contract (event_name, event_version, tmf_api, tmf_resource, source_table, event_type, event_key_strategy, payload_basis, consumer_notes) VALUES ('security_compliance_regulatory.trouble_ticket_specification.updated', 'v1', 'TMF621', 'troubleTicketSpecification', 'security_compliance_regulatory.security_incident', 'updated', 'tenant_id + canonical_id + version', 'typed columns + tmf_payload snapshot', 'Register concrete consumers during integration design') ON CONFLICT (event_name, event_version) DO UPDATE SET source_table = EXCLUDED.source_table, payload_basis = EXCLUDED.payload_basis, updated_at = now();
INSERT INTO security_compliance_regulatory.event_contract (event_name, event_version, tmf_api, tmf_resource, source_table, event_type, event_key_strategy, payload_basis, consumer_notes) VALUES ('security_compliance_regulatory.trouble_ticket_specification.stateChanged', 'v1', 'TMF621', 'troubleTicketSpecification', 'security_compliance_regulatory.security_incident', 'stateChanged', 'tenant_id + canonical_id + version', 'typed columns + tmf_payload snapshot', 'Register concrete consumers during integration design') ON CONFLICT (event_name, event_version) DO UPDATE SET source_table = EXCLUDED.source_table, payload_basis = EXCLUDED.payload_basis, updated_at = now();
INSERT INTO security_compliance_regulatory.event_contract (event_name, event_version, tmf_api, tmf_resource, source_table, event_type, event_key_strategy, payload_basis, consumer_notes) VALUES ('security_compliance_regulatory.trouble_ticket_specification.deleted', 'v1', 'TMF621', 'troubleTicketSpecification', 'security_compliance_regulatory.security_incident', 'deleted', 'tenant_id + canonical_id + version', 'typed columns + tmf_payload snapshot', 'Register concrete consumers during integration design') ON CONFLICT (event_name, event_version) DO UPDATE SET source_table = EXCLUDED.source_table, payload_basis = EXCLUDED.payload_basis, updated_at = now();
INSERT INTO security_compliance_regulatory.tmf_api_resource_map (tmf_api, tmf_resource, resource_path, anchor_table, field_strategy, local_spec_path, promoted_fields) VALUES ('TMF644', 'partyPrivacyAgreement', '/partyPrivacyAgreement', 'retention_policy', 'Promote common TMF metadata; store resource-specific fields in tmf_payload until query patterns justify additional typed columns.', 'references/tmforum-open-apis/openapi-specs/TMF644_Privacy/TMF644-Privacy-v5.0.0.oas.yaml', '[]'::jsonb) ON CONFLICT (tmf_api, tmf_resource, anchor_table) DO UPDATE SET field_strategy = EXCLUDED.field_strategy, local_spec_path = EXCLUDED.local_spec_path, promoted_fields = EXCLUDED.promoted_fields, updated_at = now();
INSERT INTO security_compliance_regulatory.event_contract (event_name, event_version, tmf_api, tmf_resource, source_table, event_type, event_key_strategy, payload_basis, consumer_notes) VALUES ('security_compliance_regulatory.party_privacy_agreement.created', 'v1', 'TMF644', 'partyPrivacyAgreement', 'security_compliance_regulatory.retention_policy', 'created', 'tenant_id + canonical_id + version', 'typed columns + tmf_payload snapshot', 'Register concrete consumers during integration design') ON CONFLICT (event_name, event_version) DO UPDATE SET source_table = EXCLUDED.source_table, payload_basis = EXCLUDED.payload_basis, updated_at = now();
INSERT INTO security_compliance_regulatory.event_contract (event_name, event_version, tmf_api, tmf_resource, source_table, event_type, event_key_strategy, payload_basis, consumer_notes) VALUES ('security_compliance_regulatory.party_privacy_agreement.updated', 'v1', 'TMF644', 'partyPrivacyAgreement', 'security_compliance_regulatory.retention_policy', 'updated', 'tenant_id + canonical_id + version', 'typed columns + tmf_payload snapshot', 'Register concrete consumers during integration design') ON CONFLICT (event_name, event_version) DO UPDATE SET source_table = EXCLUDED.source_table, payload_basis = EXCLUDED.payload_basis, updated_at = now();
INSERT INTO security_compliance_regulatory.event_contract (event_name, event_version, tmf_api, tmf_resource, source_table, event_type, event_key_strategy, payload_basis, consumer_notes) VALUES ('security_compliance_regulatory.party_privacy_agreement.stateChanged', 'v1', 'TMF644', 'partyPrivacyAgreement', 'security_compliance_regulatory.retention_policy', 'stateChanged', 'tenant_id + canonical_id + version', 'typed columns + tmf_payload snapshot', 'Register concrete consumers during integration design') ON CONFLICT (event_name, event_version) DO UPDATE SET source_table = EXCLUDED.source_table, payload_basis = EXCLUDED.payload_basis, updated_at = now();
INSERT INTO security_compliance_regulatory.event_contract (event_name, event_version, tmf_api, tmf_resource, source_table, event_type, event_key_strategy, payload_basis, consumer_notes) VALUES ('security_compliance_regulatory.party_privacy_agreement.deleted', 'v1', 'TMF644', 'partyPrivacyAgreement', 'security_compliance_regulatory.retention_policy', 'deleted', 'tenant_id + canonical_id + version', 'typed columns + tmf_payload snapshot', 'Register concrete consumers during integration design') ON CONFLICT (event_name, event_version) DO UPDATE SET source_table = EXCLUDED.source_table, payload_basis = EXCLUDED.payload_basis, updated_at = now();
INSERT INTO security_compliance_regulatory.tmf_api_resource_map (tmf_api, tmf_resource, resource_path, anchor_table, field_strategy, local_spec_path, promoted_fields) VALUES ('TMF644', 'partyPrivacyProfile', '/partyPrivacyProfile', 'retention_policy', 'Promote common TMF metadata; store resource-specific fields in tmf_payload until query patterns justify additional typed columns.', 'references/tmforum-open-apis/openapi-specs/TMF644_Privacy/TMF644-Privacy-v5.0.0.oas.yaml', '[]'::jsonb) ON CONFLICT (tmf_api, tmf_resource, anchor_table) DO UPDATE SET field_strategy = EXCLUDED.field_strategy, local_spec_path = EXCLUDED.local_spec_path, promoted_fields = EXCLUDED.promoted_fields, updated_at = now();
INSERT INTO security_compliance_regulatory.event_contract (event_name, event_version, tmf_api, tmf_resource, source_table, event_type, event_key_strategy, payload_basis, consumer_notes) VALUES ('security_compliance_regulatory.party_privacy_profile.created', 'v1', 'TMF644', 'partyPrivacyProfile', 'security_compliance_regulatory.retention_policy', 'created', 'tenant_id + canonical_id + version', 'typed columns + tmf_payload snapshot', 'Register concrete consumers during integration design') ON CONFLICT (event_name, event_version) DO UPDATE SET source_table = EXCLUDED.source_table, payload_basis = EXCLUDED.payload_basis, updated_at = now();
INSERT INTO security_compliance_regulatory.event_contract (event_name, event_version, tmf_api, tmf_resource, source_table, event_type, event_key_strategy, payload_basis, consumer_notes) VALUES ('security_compliance_regulatory.party_privacy_profile.updated', 'v1', 'TMF644', 'partyPrivacyProfile', 'security_compliance_regulatory.retention_policy', 'updated', 'tenant_id + canonical_id + version', 'typed columns + tmf_payload snapshot', 'Register concrete consumers during integration design') ON CONFLICT (event_name, event_version) DO UPDATE SET source_table = EXCLUDED.source_table, payload_basis = EXCLUDED.payload_basis, updated_at = now();
INSERT INTO security_compliance_regulatory.event_contract (event_name, event_version, tmf_api, tmf_resource, source_table, event_type, event_key_strategy, payload_basis, consumer_notes) VALUES ('security_compliance_regulatory.party_privacy_profile.stateChanged', 'v1', 'TMF644', 'partyPrivacyProfile', 'security_compliance_regulatory.retention_policy', 'stateChanged', 'tenant_id + canonical_id + version', 'typed columns + tmf_payload snapshot', 'Register concrete consumers during integration design') ON CONFLICT (event_name, event_version) DO UPDATE SET source_table = EXCLUDED.source_table, payload_basis = EXCLUDED.payload_basis, updated_at = now();
INSERT INTO security_compliance_regulatory.event_contract (event_name, event_version, tmf_api, tmf_resource, source_table, event_type, event_key_strategy, payload_basis, consumer_notes) VALUES ('security_compliance_regulatory.party_privacy_profile.deleted', 'v1', 'TMF644', 'partyPrivacyProfile', 'security_compliance_regulatory.retention_policy', 'deleted', 'tenant_id + canonical_id + version', 'typed columns + tmf_payload snapshot', 'Register concrete consumers during integration design') ON CONFLICT (event_name, event_version) DO UPDATE SET source_table = EXCLUDED.source_table, payload_basis = EXCLUDED.payload_basis, updated_at = now();
INSERT INTO security_compliance_regulatory.tmf_api_resource_map (tmf_api, tmf_resource, resource_path, anchor_table, field_strategy, local_spec_path, promoted_fields) VALUES ('TMF644', 'partyPrivacyProfileSpecification', '/partyPrivacyProfileSpecification', 'retention_policy', 'Promote common TMF metadata; store resource-specific fields in tmf_payload until query patterns justify additional typed columns.', 'references/tmforum-open-apis/openapi-specs/TMF644_Privacy/TMF644-Privacy-v5.0.0.oas.yaml', '[]'::jsonb) ON CONFLICT (tmf_api, tmf_resource, anchor_table) DO UPDATE SET field_strategy = EXCLUDED.field_strategy, local_spec_path = EXCLUDED.local_spec_path, promoted_fields = EXCLUDED.promoted_fields, updated_at = now();
INSERT INTO security_compliance_regulatory.event_contract (event_name, event_version, tmf_api, tmf_resource, source_table, event_type, event_key_strategy, payload_basis, consumer_notes) VALUES ('security_compliance_regulatory.party_privacy_profile_specification.created', 'v1', 'TMF644', 'partyPrivacyProfileSpecification', 'security_compliance_regulatory.retention_policy', 'created', 'tenant_id + canonical_id + version', 'typed columns + tmf_payload snapshot', 'Register concrete consumers during integration design') ON CONFLICT (event_name, event_version) DO UPDATE SET source_table = EXCLUDED.source_table, payload_basis = EXCLUDED.payload_basis, updated_at = now();
INSERT INTO security_compliance_regulatory.event_contract (event_name, event_version, tmf_api, tmf_resource, source_table, event_type, event_key_strategy, payload_basis, consumer_notes) VALUES ('security_compliance_regulatory.party_privacy_profile_specification.updated', 'v1', 'TMF644', 'partyPrivacyProfileSpecification', 'security_compliance_regulatory.retention_policy', 'updated', 'tenant_id + canonical_id + version', 'typed columns + tmf_payload snapshot', 'Register concrete consumers during integration design') ON CONFLICT (event_name, event_version) DO UPDATE SET source_table = EXCLUDED.source_table, payload_basis = EXCLUDED.payload_basis, updated_at = now();
INSERT INTO security_compliance_regulatory.event_contract (event_name, event_version, tmf_api, tmf_resource, source_table, event_type, event_key_strategy, payload_basis, consumer_notes) VALUES ('security_compliance_regulatory.party_privacy_profile_specification.stateChanged', 'v1', 'TMF644', 'partyPrivacyProfileSpecification', 'security_compliance_regulatory.retention_policy', 'stateChanged', 'tenant_id + canonical_id + version', 'typed columns + tmf_payload snapshot', 'Register concrete consumers during integration design') ON CONFLICT (event_name, event_version) DO UPDATE SET source_table = EXCLUDED.source_table, payload_basis = EXCLUDED.payload_basis, updated_at = now();
INSERT INTO security_compliance_regulatory.event_contract (event_name, event_version, tmf_api, tmf_resource, source_table, event_type, event_key_strategy, payload_basis, consumer_notes) VALUES ('security_compliance_regulatory.party_privacy_profile_specification.deleted', 'v1', 'TMF644', 'partyPrivacyProfileSpecification', 'security_compliance_regulatory.retention_policy', 'deleted', 'tenant_id + canonical_id + version', 'typed columns + tmf_payload snapshot', 'Register concrete consumers during integration design') ON CONFLICT (event_name, event_version) DO UPDATE SET source_table = EXCLUDED.source_table, payload_basis = EXCLUDED.payload_basis, updated_at = now();
INSERT INTO security_compliance_regulatory.tmf_api_resource_map (tmf_api, tmf_resource, resource_path, anchor_table, field_strategy, local_spec_path, promoted_fields) VALUES ('TMF667', 'document', '/document', 'control_evidence', 'Promote common TMF lifecycle/reference fields; store remaining validated resource fields in tmf_payload and characteristics tables.', 'references/tmforum-open-apis/openapi-specs/TMF667_Document/TMF667_Document_Management_API_v4.0.0_swagger.json', '["id", "href", "creationDate", "description", "documentType", "lastUpdate", "name", "version", "attachment", "category", "characteristic", "document", "documentSpecification", "externalIdentifier", "relatedEntity", "relatedParty"]'::jsonb) ON CONFLICT (tmf_api, tmf_resource, anchor_table) DO UPDATE SET field_strategy = EXCLUDED.field_strategy, local_spec_path = EXCLUDED.local_spec_path, promoted_fields = EXCLUDED.promoted_fields, updated_at = now();
INSERT INTO security_compliance_regulatory.event_contract (event_name, event_version, tmf_api, tmf_resource, source_table, event_type, event_key_strategy, payload_basis, consumer_notes) VALUES ('security_compliance_regulatory.document.created', 'v1', 'TMF667', 'document', 'security_compliance_regulatory.control_evidence', 'created', 'tenant_id + canonical_id + version', 'typed columns + tmf_payload snapshot', 'Register concrete consumers during integration design') ON CONFLICT (event_name, event_version) DO UPDATE SET source_table = EXCLUDED.source_table, payload_basis = EXCLUDED.payload_basis, updated_at = now();
INSERT INTO security_compliance_regulatory.event_contract (event_name, event_version, tmf_api, tmf_resource, source_table, event_type, event_key_strategy, payload_basis, consumer_notes) VALUES ('security_compliance_regulatory.document.updated', 'v1', 'TMF667', 'document', 'security_compliance_regulatory.control_evidence', 'updated', 'tenant_id + canonical_id + version', 'typed columns + tmf_payload snapshot', 'Register concrete consumers during integration design') ON CONFLICT (event_name, event_version) DO UPDATE SET source_table = EXCLUDED.source_table, payload_basis = EXCLUDED.payload_basis, updated_at = now();
INSERT INTO security_compliance_regulatory.event_contract (event_name, event_version, tmf_api, tmf_resource, source_table, event_type, event_key_strategy, payload_basis, consumer_notes) VALUES ('security_compliance_regulatory.document.stateChanged', 'v1', 'TMF667', 'document', 'security_compliance_regulatory.control_evidence', 'stateChanged', 'tenant_id + canonical_id + version', 'typed columns + tmf_payload snapshot', 'Register concrete consumers during integration design') ON CONFLICT (event_name, event_version) DO UPDATE SET source_table = EXCLUDED.source_table, payload_basis = EXCLUDED.payload_basis, updated_at = now();
INSERT INTO security_compliance_regulatory.event_contract (event_name, event_version, tmf_api, tmf_resource, source_table, event_type, event_key_strategy, payload_basis, consumer_notes) VALUES ('security_compliance_regulatory.document.deleted', 'v1', 'TMF667', 'document', 'security_compliance_regulatory.control_evidence', 'deleted', 'tenant_id + canonical_id + version', 'typed columns + tmf_payload snapshot', 'Register concrete consumers during integration design') ON CONFLICT (event_name, event_version) DO UPDATE SET source_table = EXCLUDED.source_table, payload_basis = EXCLUDED.payload_basis, updated_at = now();
INSERT INTO security_compliance_regulatory.tmf_api_resource_map (tmf_api, tmf_resource, resource_path, anchor_table, field_strategy, local_spec_path, promoted_fields) VALUES ('TMF667', 'documentSpecification', '/documentSpecification', 'control_evidence', 'Promote common TMF lifecycle/reference fields; store remaining validated resource fields in tmf_payload and characteristics tables.', 'references/tmforum-open-apis/openapi-specs/TMF667_Document/TMF667_Document_Management_API_v4.0.0_swagger.json', '["id", "href", "description", "isBundle", "lastUpdate", "name", "version", "attachment", "constraint", "entitySpecRelationship", "lifecycleStatus", "relatedParty", "specCharacteristic", "targetEntitySchema", "validFor", "@baseType"]'::jsonb) ON CONFLICT (tmf_api, tmf_resource, anchor_table) DO UPDATE SET field_strategy = EXCLUDED.field_strategy, local_spec_path = EXCLUDED.local_spec_path, promoted_fields = EXCLUDED.promoted_fields, updated_at = now();
INSERT INTO security_compliance_regulatory.event_contract (event_name, event_version, tmf_api, tmf_resource, source_table, event_type, event_key_strategy, payload_basis, consumer_notes) VALUES ('security_compliance_regulatory.document_specification.created', 'v1', 'TMF667', 'documentSpecification', 'security_compliance_regulatory.control_evidence', 'created', 'tenant_id + canonical_id + version', 'typed columns + tmf_payload snapshot', 'Register concrete consumers during integration design') ON CONFLICT (event_name, event_version) DO UPDATE SET source_table = EXCLUDED.source_table, payload_basis = EXCLUDED.payload_basis, updated_at = now();
INSERT INTO security_compliance_regulatory.event_contract (event_name, event_version, tmf_api, tmf_resource, source_table, event_type, event_key_strategy, payload_basis, consumer_notes) VALUES ('security_compliance_regulatory.document_specification.updated', 'v1', 'TMF667', 'documentSpecification', 'security_compliance_regulatory.control_evidence', 'updated', 'tenant_id + canonical_id + version', 'typed columns + tmf_payload snapshot', 'Register concrete consumers during integration design') ON CONFLICT (event_name, event_version) DO UPDATE SET source_table = EXCLUDED.source_table, payload_basis = EXCLUDED.payload_basis, updated_at = now();
INSERT INTO security_compliance_regulatory.event_contract (event_name, event_version, tmf_api, tmf_resource, source_table, event_type, event_key_strategy, payload_basis, consumer_notes) VALUES ('security_compliance_regulatory.document_specification.stateChanged', 'v1', 'TMF667', 'documentSpecification', 'security_compliance_regulatory.control_evidence', 'stateChanged', 'tenant_id + canonical_id + version', 'typed columns + tmf_payload snapshot', 'Register concrete consumers during integration design') ON CONFLICT (event_name, event_version) DO UPDATE SET source_table = EXCLUDED.source_table, payload_basis = EXCLUDED.payload_basis, updated_at = now();
INSERT INTO security_compliance_regulatory.event_contract (event_name, event_version, tmf_api, tmf_resource, source_table, event_type, event_key_strategy, payload_basis, consumer_notes) VALUES ('security_compliance_regulatory.document_specification.deleted', 'v1', 'TMF667', 'documentSpecification', 'security_compliance_regulatory.control_evidence', 'deleted', 'tenant_id + canonical_id + version', 'typed columns + tmf_payload snapshot', 'Register concrete consumers during integration design') ON CONFLICT (event_name, event_version) DO UPDATE SET source_table = EXCLUDED.source_table, payload_basis = EXCLUDED.payload_basis, updated_at = now();
INSERT INTO security_compliance_regulatory.tmf_api_resource_map (tmf_api, tmf_resource, resource_path, anchor_table, field_strategy, local_spec_path, promoted_fields) VALUES ('TMF707', 'nonFunctionalTestResult', '/nonFunctionalTestResult', 'control_evidence', 'Promote common TMF lifecycle/reference fields; store remaining validated resource fields in tmf_payload and characteristics tables.', 'references/tmforum-open-apis/openapi-specs/TMF707_TestResult/TMF707_Test_Result_Management_API_v4.0.0_swagger.json', '["id", "href", "nonFunctionalTestResultDefinition", "testExecution", "@baseType", "@schemaLocation", "@type"]'::jsonb) ON CONFLICT (tmf_api, tmf_resource, anchor_table) DO UPDATE SET field_strategy = EXCLUDED.field_strategy, local_spec_path = EXCLUDED.local_spec_path, promoted_fields = EXCLUDED.promoted_fields, updated_at = now();
INSERT INTO security_compliance_regulatory.event_contract (event_name, event_version, tmf_api, tmf_resource, source_table, event_type, event_key_strategy, payload_basis, consumer_notes) VALUES ('security_compliance_regulatory.non_functional_test_result.created', 'v1', 'TMF707', 'nonFunctionalTestResult', 'security_compliance_regulatory.control_evidence', 'created', 'tenant_id + canonical_id + version', 'typed columns + tmf_payload snapshot', 'Register concrete consumers during integration design') ON CONFLICT (event_name, event_version) DO UPDATE SET source_table = EXCLUDED.source_table, payload_basis = EXCLUDED.payload_basis, updated_at = now();
INSERT INTO security_compliance_regulatory.event_contract (event_name, event_version, tmf_api, tmf_resource, source_table, event_type, event_key_strategy, payload_basis, consumer_notes) VALUES ('security_compliance_regulatory.non_functional_test_result.updated', 'v1', 'TMF707', 'nonFunctionalTestResult', 'security_compliance_regulatory.control_evidence', 'updated', 'tenant_id + canonical_id + version', 'typed columns + tmf_payload snapshot', 'Register concrete consumers during integration design') ON CONFLICT (event_name, event_version) DO UPDATE SET source_table = EXCLUDED.source_table, payload_basis = EXCLUDED.payload_basis, updated_at = now();
INSERT INTO security_compliance_regulatory.event_contract (event_name, event_version, tmf_api, tmf_resource, source_table, event_type, event_key_strategy, payload_basis, consumer_notes) VALUES ('security_compliance_regulatory.non_functional_test_result.stateChanged', 'v1', 'TMF707', 'nonFunctionalTestResult', 'security_compliance_regulatory.control_evidence', 'stateChanged', 'tenant_id + canonical_id + version', 'typed columns + tmf_payload snapshot', 'Register concrete consumers during integration design') ON CONFLICT (event_name, event_version) DO UPDATE SET source_table = EXCLUDED.source_table, payload_basis = EXCLUDED.payload_basis, updated_at = now();
INSERT INTO security_compliance_regulatory.event_contract (event_name, event_version, tmf_api, tmf_resource, source_table, event_type, event_key_strategy, payload_basis, consumer_notes) VALUES ('security_compliance_regulatory.non_functional_test_result.deleted', 'v1', 'TMF707', 'nonFunctionalTestResult', 'security_compliance_regulatory.control_evidence', 'deleted', 'tenant_id + canonical_id + version', 'typed columns + tmf_payload snapshot', 'Register concrete consumers during integration design') ON CONFLICT (event_name, event_version) DO UPDATE SET source_table = EXCLUDED.source_table, payload_basis = EXCLUDED.payload_basis, updated_at = now();
INSERT INTO security_compliance_regulatory.tmf_api_resource_map (tmf_api, tmf_resource, resource_path, anchor_table, field_strategy, local_spec_path, promoted_fields) VALUES ('TMF707', 'testCaseResult', '/testCaseResult', 'control_evidence', 'Promote common TMF lifecycle/reference fields; store remaining validated resource fields in tmf_payload and characteristics tables.', 'references/tmforum-open-apis/openapi-specs/TMF707_TestResult/TMF707_Test_Result_Management_API_v4.0.0_swagger.json', '["id", "href", "testCaseResultDefinition", "testExecution", "@baseType", "@schemaLocation", "@type"]'::jsonb) ON CONFLICT (tmf_api, tmf_resource, anchor_table) DO UPDATE SET field_strategy = EXCLUDED.field_strategy, local_spec_path = EXCLUDED.local_spec_path, promoted_fields = EXCLUDED.promoted_fields, updated_at = now();
INSERT INTO security_compliance_regulatory.event_contract (event_name, event_version, tmf_api, tmf_resource, source_table, event_type, event_key_strategy, payload_basis, consumer_notes) VALUES ('security_compliance_regulatory.test_case_result.created', 'v1', 'TMF707', 'testCaseResult', 'security_compliance_regulatory.control_evidence', 'created', 'tenant_id + canonical_id + version', 'typed columns + tmf_payload snapshot', 'Register concrete consumers during integration design') ON CONFLICT (event_name, event_version) DO UPDATE SET source_table = EXCLUDED.source_table, payload_basis = EXCLUDED.payload_basis, updated_at = now();
INSERT INTO security_compliance_regulatory.event_contract (event_name, event_version, tmf_api, tmf_resource, source_table, event_type, event_key_strategy, payload_basis, consumer_notes) VALUES ('security_compliance_regulatory.test_case_result.updated', 'v1', 'TMF707', 'testCaseResult', 'security_compliance_regulatory.control_evidence', 'updated', 'tenant_id + canonical_id + version', 'typed columns + tmf_payload snapshot', 'Register concrete consumers during integration design') ON CONFLICT (event_name, event_version) DO UPDATE SET source_table = EXCLUDED.source_table, payload_basis = EXCLUDED.payload_basis, updated_at = now();
INSERT INTO security_compliance_regulatory.event_contract (event_name, event_version, tmf_api, tmf_resource, source_table, event_type, event_key_strategy, payload_basis, consumer_notes) VALUES ('security_compliance_regulatory.test_case_result.stateChanged', 'v1', 'TMF707', 'testCaseResult', 'security_compliance_regulatory.control_evidence', 'stateChanged', 'tenant_id + canonical_id + version', 'typed columns + tmf_payload snapshot', 'Register concrete consumers during integration design') ON CONFLICT (event_name, event_version) DO UPDATE SET source_table = EXCLUDED.source_table, payload_basis = EXCLUDED.payload_basis, updated_at = now();
INSERT INTO security_compliance_regulatory.event_contract (event_name, event_version, tmf_api, tmf_resource, source_table, event_type, event_key_strategy, payload_basis, consumer_notes) VALUES ('security_compliance_regulatory.test_case_result.deleted', 'v1', 'TMF707', 'testCaseResult', 'security_compliance_regulatory.control_evidence', 'deleted', 'tenant_id + canonical_id + version', 'typed columns + tmf_payload snapshot', 'Register concrete consumers during integration design') ON CONFLICT (event_name, event_version) DO UPDATE SET source_table = EXCLUDED.source_table, payload_basis = EXCLUDED.payload_basis, updated_at = now();
INSERT INTO security_compliance_regulatory.tmf_api_resource_map (tmf_api, tmf_resource, resource_path, anchor_table, field_strategy, local_spec_path, promoted_fields) VALUES ('TMF707', 'testSuiteResult', '/testSuiteResult', 'control_evidence', 'Promote common TMF lifecycle/reference fields; store remaining validated resource fields in tmf_payload and characteristics tables.', 'references/tmforum-open-apis/openapi-specs/TMF707_TestResult/TMF707_Test_Result_Management_API_v4.0.0_swagger.json', '["id", "href", "testExecution", "testSuiteResultDefinition", "@baseType", "@schemaLocation", "@type"]'::jsonb) ON CONFLICT (tmf_api, tmf_resource, anchor_table) DO UPDATE SET field_strategy = EXCLUDED.field_strategy, local_spec_path = EXCLUDED.local_spec_path, promoted_fields = EXCLUDED.promoted_fields, updated_at = now();
INSERT INTO security_compliance_regulatory.event_contract (event_name, event_version, tmf_api, tmf_resource, source_table, event_type, event_key_strategy, payload_basis, consumer_notes) VALUES ('security_compliance_regulatory.test_suite_result.created', 'v1', 'TMF707', 'testSuiteResult', 'security_compliance_regulatory.control_evidence', 'created', 'tenant_id + canonical_id + version', 'typed columns + tmf_payload snapshot', 'Register concrete consumers during integration design') ON CONFLICT (event_name, event_version) DO UPDATE SET source_table = EXCLUDED.source_table, payload_basis = EXCLUDED.payload_basis, updated_at = now();
INSERT INTO security_compliance_regulatory.event_contract (event_name, event_version, tmf_api, tmf_resource, source_table, event_type, event_key_strategy, payload_basis, consumer_notes) VALUES ('security_compliance_regulatory.test_suite_result.updated', 'v1', 'TMF707', 'testSuiteResult', 'security_compliance_regulatory.control_evidence', 'updated', 'tenant_id + canonical_id + version', 'typed columns + tmf_payload snapshot', 'Register concrete consumers during integration design') ON CONFLICT (event_name, event_version) DO UPDATE SET source_table = EXCLUDED.source_table, payload_basis = EXCLUDED.payload_basis, updated_at = now();
INSERT INTO security_compliance_regulatory.event_contract (event_name, event_version, tmf_api, tmf_resource, source_table, event_type, event_key_strategy, payload_basis, consumer_notes) VALUES ('security_compliance_regulatory.test_suite_result.stateChanged', 'v1', 'TMF707', 'testSuiteResult', 'security_compliance_regulatory.control_evidence', 'stateChanged', 'tenant_id + canonical_id + version', 'typed columns + tmf_payload snapshot', 'Register concrete consumers during integration design') ON CONFLICT (event_name, event_version) DO UPDATE SET source_table = EXCLUDED.source_table, payload_basis = EXCLUDED.payload_basis, updated_at = now();
INSERT INTO security_compliance_regulatory.event_contract (event_name, event_version, tmf_api, tmf_resource, source_table, event_type, event_key_strategy, payload_basis, consumer_notes) VALUES ('security_compliance_regulatory.test_suite_result.deleted', 'v1', 'TMF707', 'testSuiteResult', 'security_compliance_regulatory.control_evidence', 'deleted', 'tenant_id + canonical_id + version', 'typed columns + tmf_payload snapshot', 'Register concrete consumers during integration design') ON CONFLICT (event_name, event_version) DO UPDATE SET source_table = EXCLUDED.source_table, payload_basis = EXCLUDED.payload_basis, updated_at = now();
INSERT INTO security_compliance_regulatory.tmf_api_resource_map (tmf_api, tmf_resource, resource_path, anchor_table, field_strategy, local_spec_path, promoted_fields) VALUES ('TMF710', 'generalTestArtifact', '/generalTestArtifact', 'security_incident', 'Promote common TMF lifecycle/reference fields; store remaining validated resource fields in tmf_payload and characteristics tables.', 'references/tmforum-open-apis/openapi-specs/TMF710_GeneralTestArtifact/TMF710_General_Test_Artifact_Management_API_v4.0.0_swagger.json', '["id", "href", "description", "version", "versionDescription", "agreement", "attribute", "generalArtifactDefinition", "relatedParty", "state", "@baseType", "@schemaLocation", "@type"]'::jsonb) ON CONFLICT (tmf_api, tmf_resource, anchor_table) DO UPDATE SET field_strategy = EXCLUDED.field_strategy, local_spec_path = EXCLUDED.local_spec_path, promoted_fields = EXCLUDED.promoted_fields, updated_at = now();
INSERT INTO security_compliance_regulatory.event_contract (event_name, event_version, tmf_api, tmf_resource, source_table, event_type, event_key_strategy, payload_basis, consumer_notes) VALUES ('security_compliance_regulatory.general_test_artifact.created', 'v1', 'TMF710', 'generalTestArtifact', 'security_compliance_regulatory.security_incident', 'created', 'tenant_id + canonical_id + version', 'typed columns + tmf_payload snapshot', 'Register concrete consumers during integration design') ON CONFLICT (event_name, event_version) DO UPDATE SET source_table = EXCLUDED.source_table, payload_basis = EXCLUDED.payload_basis, updated_at = now();
INSERT INTO security_compliance_regulatory.event_contract (event_name, event_version, tmf_api, tmf_resource, source_table, event_type, event_key_strategy, payload_basis, consumer_notes) VALUES ('security_compliance_regulatory.general_test_artifact.updated', 'v1', 'TMF710', 'generalTestArtifact', 'security_compliance_regulatory.security_incident', 'updated', 'tenant_id + canonical_id + version', 'typed columns + tmf_payload snapshot', 'Register concrete consumers during integration design') ON CONFLICT (event_name, event_version) DO UPDATE SET source_table = EXCLUDED.source_table, payload_basis = EXCLUDED.payload_basis, updated_at = now();
INSERT INTO security_compliance_regulatory.event_contract (event_name, event_version, tmf_api, tmf_resource, source_table, event_type, event_key_strategy, payload_basis, consumer_notes) VALUES ('security_compliance_regulatory.general_test_artifact.stateChanged', 'v1', 'TMF710', 'generalTestArtifact', 'security_compliance_regulatory.security_incident', 'stateChanged', 'tenant_id + canonical_id + version', 'typed columns + tmf_payload snapshot', 'Register concrete consumers during integration design') ON CONFLICT (event_name, event_version) DO UPDATE SET source_table = EXCLUDED.source_table, payload_basis = EXCLUDED.payload_basis, updated_at = now();
INSERT INTO security_compliance_regulatory.event_contract (event_name, event_version, tmf_api, tmf_resource, source_table, event_type, event_key_strategy, payload_basis, consumer_notes) VALUES ('security_compliance_regulatory.general_test_artifact.deleted', 'v1', 'TMF710', 'generalTestArtifact', 'security_compliance_regulatory.security_incident', 'deleted', 'tenant_id + canonical_id + version', 'typed columns + tmf_payload snapshot', 'Register concrete consumers during integration design') ON CONFLICT (event_name, event_version) DO UPDATE SET source_table = EXCLUDED.source_table, payload_basis = EXCLUDED.payload_basis, updated_at = now();
INSERT INTO security_compliance_regulatory.tmf_api_resource_map (tmf_api, tmf_resource, resource_path, anchor_table, field_strategy, local_spec_path, promoted_fields) VALUES ('TMF681', 'communicationMessage', '/communicationMessage', 'security_incident', 'Promote common TMF lifecycle/reference fields; store remaining validated resource fields in tmf_payload and characteristics tables.', 'references/tmforum-open-apis/openapi-specs/TMF681_Communication/TMF681_Communication_Management_API_v4.0.0_swagger.json', '["id", "href", "content", "description", "logFlag", "messageType", "priority", "scheduledSendTime", "sendTime", "sendTimeComplete", "subject", "tryTimes", "attachment", "characteristic", "receiver", "sender"]'::jsonb) ON CONFLICT (tmf_api, tmf_resource, anchor_table) DO UPDATE SET field_strategy = EXCLUDED.field_strategy, local_spec_path = EXCLUDED.local_spec_path, promoted_fields = EXCLUDED.promoted_fields, updated_at = now();
INSERT INTO security_compliance_regulatory.event_contract (event_name, event_version, tmf_api, tmf_resource, source_table, event_type, event_key_strategy, payload_basis, consumer_notes) VALUES ('security_compliance_regulatory.communication_message.created', 'v1', 'TMF681', 'communicationMessage', 'security_compliance_regulatory.security_incident', 'created', 'tenant_id + canonical_id + version', 'typed columns + tmf_payload snapshot', 'Register concrete consumers during integration design') ON CONFLICT (event_name, event_version) DO UPDATE SET source_table = EXCLUDED.source_table, payload_basis = EXCLUDED.payload_basis, updated_at = now();
INSERT INTO security_compliance_regulatory.event_contract (event_name, event_version, tmf_api, tmf_resource, source_table, event_type, event_key_strategy, payload_basis, consumer_notes) VALUES ('security_compliance_regulatory.communication_message.updated', 'v1', 'TMF681', 'communicationMessage', 'security_compliance_regulatory.security_incident', 'updated', 'tenant_id + canonical_id + version', 'typed columns + tmf_payload snapshot', 'Register concrete consumers during integration design') ON CONFLICT (event_name, event_version) DO UPDATE SET source_table = EXCLUDED.source_table, payload_basis = EXCLUDED.payload_basis, updated_at = now();
INSERT INTO security_compliance_regulatory.event_contract (event_name, event_version, tmf_api, tmf_resource, source_table, event_type, event_key_strategy, payload_basis, consumer_notes) VALUES ('security_compliance_regulatory.communication_message.stateChanged', 'v1', 'TMF681', 'communicationMessage', 'security_compliance_regulatory.security_incident', 'stateChanged', 'tenant_id + canonical_id + version', 'typed columns + tmf_payload snapshot', 'Register concrete consumers during integration design') ON CONFLICT (event_name, event_version) DO UPDATE SET source_table = EXCLUDED.source_table, payload_basis = EXCLUDED.payload_basis, updated_at = now();
INSERT INTO security_compliance_regulatory.event_contract (event_name, event_version, tmf_api, tmf_resource, source_table, event_type, event_key_strategy, payload_basis, consumer_notes) VALUES ('security_compliance_regulatory.communication_message.deleted', 'v1', 'TMF681', 'communicationMessage', 'security_compliance_regulatory.security_incident', 'deleted', 'tenant_id + canonical_id + version', 'typed columns + tmf_payload snapshot', 'Register concrete consumers during integration design') ON CONFLICT (event_name, event_version) DO UPDATE SET source_table = EXCLUDED.source_table, payload_basis = EXCLUDED.payload_basis, updated_at = now();
INSERT INTO security_compliance_regulatory.tmf_api_resource_map (tmf_api, tmf_resource, resource_path, anchor_table, field_strategy, local_spec_path, promoted_fields) VALUES ('TMF735', 'cdrTransaction', '/cdrTransaction', 'security_incident', 'Promote common TMF metadata; store resource-specific fields in tmf_payload until query patterns justify additional typed columns.', 'references/tmforum-open-apis/openapi-specs/TMF735_CDRTransactionManagement/TMF735-CDR_Transaction_Management-v5.0.0.oas.yaml', '[]'::jsonb) ON CONFLICT (tmf_api, tmf_resource, anchor_table) DO UPDATE SET field_strategy = EXCLUDED.field_strategy, local_spec_path = EXCLUDED.local_spec_path, promoted_fields = EXCLUDED.promoted_fields, updated_at = now();
INSERT INTO security_compliance_regulatory.event_contract (event_name, event_version, tmf_api, tmf_resource, source_table, event_type, event_key_strategy, payload_basis, consumer_notes) VALUES ('security_compliance_regulatory.cdr_transaction.created', 'v1', 'TMF735', 'cdrTransaction', 'security_compliance_regulatory.security_incident', 'created', 'tenant_id + canonical_id + version', 'typed columns + tmf_payload snapshot', 'Register concrete consumers during integration design') ON CONFLICT (event_name, event_version) DO UPDATE SET source_table = EXCLUDED.source_table, payload_basis = EXCLUDED.payload_basis, updated_at = now();
INSERT INTO security_compliance_regulatory.event_contract (event_name, event_version, tmf_api, tmf_resource, source_table, event_type, event_key_strategy, payload_basis, consumer_notes) VALUES ('security_compliance_regulatory.cdr_transaction.updated', 'v1', 'TMF735', 'cdrTransaction', 'security_compliance_regulatory.security_incident', 'updated', 'tenant_id + canonical_id + version', 'typed columns + tmf_payload snapshot', 'Register concrete consumers during integration design') ON CONFLICT (event_name, event_version) DO UPDATE SET source_table = EXCLUDED.source_table, payload_basis = EXCLUDED.payload_basis, updated_at = now();
INSERT INTO security_compliance_regulatory.event_contract (event_name, event_version, tmf_api, tmf_resource, source_table, event_type, event_key_strategy, payload_basis, consumer_notes) VALUES ('security_compliance_regulatory.cdr_transaction.stateChanged', 'v1', 'TMF735', 'cdrTransaction', 'security_compliance_regulatory.security_incident', 'stateChanged', 'tenant_id + canonical_id + version', 'typed columns + tmf_payload snapshot', 'Register concrete consumers during integration design') ON CONFLICT (event_name, event_version) DO UPDATE SET source_table = EXCLUDED.source_table, payload_basis = EXCLUDED.payload_basis, updated_at = now();
INSERT INTO security_compliance_regulatory.event_contract (event_name, event_version, tmf_api, tmf_resource, source_table, event_type, event_key_strategy, payload_basis, consumer_notes) VALUES ('security_compliance_regulatory.cdr_transaction.deleted', 'v1', 'TMF735', 'cdrTransaction', 'security_compliance_regulatory.security_incident', 'deleted', 'tenant_id + canonical_id + version', 'typed columns + tmf_payload snapshot', 'Register concrete consumers during integration design') ON CONFLICT (event_name, event_version) DO UPDATE SET source_table = EXCLUDED.source_table, payload_basis = EXCLUDED.payload_basis, updated_at = now();
INSERT INTO security_compliance_regulatory.tmf_api_resource_map (tmf_api, tmf_resource, resource_path, anchor_table, field_strategy, local_spec_path, promoted_fields) VALUES ('TMF724', 'diagnoseIncident', '/diagnoseIncident', 'security_incident', 'Promote common TMF lifecycle/reference fields; store remaining validated resource fields in tmf_payload and characteristics tables.', 'references/tmforum-open-apis/openapi-specs/TMF724_IncidentManagement/TMF724_Incident_Management_API_v4.0.0_swagger.json', '["id", "href", "ackTime", "category", "clearTime", "domain", "incidentDetail", "incidentResolutionSuggestion", "name", "occurTime", "updateTime", "ackState", "affectedEntity", "eventId", "extensionInfo", "externalIdentifier"]'::jsonb) ON CONFLICT (tmf_api, tmf_resource, anchor_table) DO UPDATE SET field_strategy = EXCLUDED.field_strategy, local_spec_path = EXCLUDED.local_spec_path, promoted_fields = EXCLUDED.promoted_fields, updated_at = now();
INSERT INTO security_compliance_regulatory.event_contract (event_name, event_version, tmf_api, tmf_resource, source_table, event_type, event_key_strategy, payload_basis, consumer_notes) VALUES ('security_compliance_regulatory.diagnose_incident.created', 'v1', 'TMF724', 'diagnoseIncident', 'security_compliance_regulatory.security_incident', 'created', 'tenant_id + canonical_id + version', 'typed columns + tmf_payload snapshot', 'Register concrete consumers during integration design') ON CONFLICT (event_name, event_version) DO UPDATE SET source_table = EXCLUDED.source_table, payload_basis = EXCLUDED.payload_basis, updated_at = now();
INSERT INTO security_compliance_regulatory.event_contract (event_name, event_version, tmf_api, tmf_resource, source_table, event_type, event_key_strategy, payload_basis, consumer_notes) VALUES ('security_compliance_regulatory.diagnose_incident.updated', 'v1', 'TMF724', 'diagnoseIncident', 'security_compliance_regulatory.security_incident', 'updated', 'tenant_id + canonical_id + version', 'typed columns + tmf_payload snapshot', 'Register concrete consumers during integration design') ON CONFLICT (event_name, event_version) DO UPDATE SET source_table = EXCLUDED.source_table, payload_basis = EXCLUDED.payload_basis, updated_at = now();
INSERT INTO security_compliance_regulatory.event_contract (event_name, event_version, tmf_api, tmf_resource, source_table, event_type, event_key_strategy, payload_basis, consumer_notes) VALUES ('security_compliance_regulatory.diagnose_incident.stateChanged', 'v1', 'TMF724', 'diagnoseIncident', 'security_compliance_regulatory.security_incident', 'stateChanged', 'tenant_id + canonical_id + version', 'typed columns + tmf_payload snapshot', 'Register concrete consumers during integration design') ON CONFLICT (event_name, event_version) DO UPDATE SET source_table = EXCLUDED.source_table, payload_basis = EXCLUDED.payload_basis, updated_at = now();
INSERT INTO security_compliance_regulatory.event_contract (event_name, event_version, tmf_api, tmf_resource, source_table, event_type, event_key_strategy, payload_basis, consumer_notes) VALUES ('security_compliance_regulatory.diagnose_incident.deleted', 'v1', 'TMF724', 'diagnoseIncident', 'security_compliance_regulatory.security_incident', 'deleted', 'tenant_id + canonical_id + version', 'typed columns + tmf_payload snapshot', 'Register concrete consumers during integration design') ON CONFLICT (event_name, event_version) DO UPDATE SET source_table = EXCLUDED.source_table, payload_basis = EXCLUDED.payload_basis, updated_at = now();
INSERT INTO security_compliance_regulatory.tmf_api_resource_map (tmf_api, tmf_resource, resource_path, anchor_table, field_strategy, local_spec_path, promoted_fields) VALUES ('TMF724', 'incident', '/incident', 'security_incident', 'Promote common TMF lifecycle/reference fields; store remaining validated resource fields in tmf_payload and characteristics tables.', 'references/tmforum-open-apis/openapi-specs/TMF724_IncidentManagement/TMF724_Incident_Management_API_v4.0.0_swagger.json', '["id", "href", "ackTime", "category", "clearTime", "domain", "incidentDetail", "incidentResolutionSuggestion", "name", "occurTime", "updateTime", "ackState", "affectedEntity", "eventId", "extensionInfo", "externalIdentifier"]'::jsonb) ON CONFLICT (tmf_api, tmf_resource, anchor_table) DO UPDATE SET field_strategy = EXCLUDED.field_strategy, local_spec_path = EXCLUDED.local_spec_path, promoted_fields = EXCLUDED.promoted_fields, updated_at = now();
INSERT INTO security_compliance_regulatory.event_contract (event_name, event_version, tmf_api, tmf_resource, source_table, event_type, event_key_strategy, payload_basis, consumer_notes) VALUES ('security_compliance_regulatory.incident.created', 'v1', 'TMF724', 'incident', 'security_compliance_regulatory.security_incident', 'created', 'tenant_id + canonical_id + version', 'typed columns + tmf_payload snapshot', 'Register concrete consumers during integration design') ON CONFLICT (event_name, event_version) DO UPDATE SET source_table = EXCLUDED.source_table, payload_basis = EXCLUDED.payload_basis, updated_at = now();
INSERT INTO security_compliance_regulatory.event_contract (event_name, event_version, tmf_api, tmf_resource, source_table, event_type, event_key_strategy, payload_basis, consumer_notes) VALUES ('security_compliance_regulatory.incident.updated', 'v1', 'TMF724', 'incident', 'security_compliance_regulatory.security_incident', 'updated', 'tenant_id + canonical_id + version', 'typed columns + tmf_payload snapshot', 'Register concrete consumers during integration design') ON CONFLICT (event_name, event_version) DO UPDATE SET source_table = EXCLUDED.source_table, payload_basis = EXCLUDED.payload_basis, updated_at = now();
INSERT INTO security_compliance_regulatory.event_contract (event_name, event_version, tmf_api, tmf_resource, source_table, event_type, event_key_strategy, payload_basis, consumer_notes) VALUES ('security_compliance_regulatory.incident.stateChanged', 'v1', 'TMF724', 'incident', 'security_compliance_regulatory.security_incident', 'stateChanged', 'tenant_id + canonical_id + version', 'typed columns + tmf_payload snapshot', 'Register concrete consumers during integration design') ON CONFLICT (event_name, event_version) DO UPDATE SET source_table = EXCLUDED.source_table, payload_basis = EXCLUDED.payload_basis, updated_at = now();
INSERT INTO security_compliance_regulatory.event_contract (event_name, event_version, tmf_api, tmf_resource, source_table, event_type, event_key_strategy, payload_basis, consumer_notes) VALUES ('security_compliance_regulatory.incident.deleted', 'v1', 'TMF724', 'incident', 'security_compliance_regulatory.security_incident', 'deleted', 'tenant_id + canonical_id + version', 'typed columns + tmf_payload snapshot', 'Register concrete consumers during integration design') ON CONFLICT (event_name, event_version) DO UPDATE SET source_table = EXCLUDED.source_table, payload_basis = EXCLUDED.payload_basis, updated_at = now();
INSERT INTO security_compliance_regulatory.tmf_api_resource_map (tmf_api, tmf_resource, resource_path, anchor_table, field_strategy, local_spec_path, promoted_fields) VALUES ('TMF724', 'resolveIncident', '/resolveIncident', 'security_incident', 'Promote common TMF lifecycle/reference fields; store remaining validated resource fields in tmf_payload and characteristics tables.', 'references/tmforum-open-apis/openapi-specs/TMF724_IncidentManagement/TMF724_Incident_Management_API_v4.0.0_swagger.json', '["id", "href", "ackTime", "category", "clearTime", "domain", "incidentDetail", "incidentResolutionSuggestion", "name", "occurTime", "updateTime", "ackState", "affectedEntity", "eventId", "extensionInfo", "externalIdentifier"]'::jsonb) ON CONFLICT (tmf_api, tmf_resource, anchor_table) DO UPDATE SET field_strategy = EXCLUDED.field_strategy, local_spec_path = EXCLUDED.local_spec_path, promoted_fields = EXCLUDED.promoted_fields, updated_at = now();
INSERT INTO security_compliance_regulatory.event_contract (event_name, event_version, tmf_api, tmf_resource, source_table, event_type, event_key_strategy, payload_basis, consumer_notes) VALUES ('security_compliance_regulatory.resolve_incident.created', 'v1', 'TMF724', 'resolveIncident', 'security_compliance_regulatory.security_incident', 'created', 'tenant_id + canonical_id + version', 'typed columns + tmf_payload snapshot', 'Register concrete consumers during integration design') ON CONFLICT (event_name, event_version) DO UPDATE SET source_table = EXCLUDED.source_table, payload_basis = EXCLUDED.payload_basis, updated_at = now();
INSERT INTO security_compliance_regulatory.event_contract (event_name, event_version, tmf_api, tmf_resource, source_table, event_type, event_key_strategy, payload_basis, consumer_notes) VALUES ('security_compliance_regulatory.resolve_incident.updated', 'v1', 'TMF724', 'resolveIncident', 'security_compliance_regulatory.security_incident', 'updated', 'tenant_id + canonical_id + version', 'typed columns + tmf_payload snapshot', 'Register concrete consumers during integration design') ON CONFLICT (event_name, event_version) DO UPDATE SET source_table = EXCLUDED.source_table, payload_basis = EXCLUDED.payload_basis, updated_at = now();
INSERT INTO security_compliance_regulatory.event_contract (event_name, event_version, tmf_api, tmf_resource, source_table, event_type, event_key_strategy, payload_basis, consumer_notes) VALUES ('security_compliance_regulatory.resolve_incident.stateChanged', 'v1', 'TMF724', 'resolveIncident', 'security_compliance_regulatory.security_incident', 'stateChanged', 'tenant_id + canonical_id + version', 'typed columns + tmf_payload snapshot', 'Register concrete consumers during integration design') ON CONFLICT (event_name, event_version) DO UPDATE SET source_table = EXCLUDED.source_table, payload_basis = EXCLUDED.payload_basis, updated_at = now();
INSERT INTO security_compliance_regulatory.event_contract (event_name, event_version, tmf_api, tmf_resource, source_table, event_type, event_key_strategy, payload_basis, consumer_notes) VALUES ('security_compliance_regulatory.resolve_incident.deleted', 'v1', 'TMF724', 'resolveIncident', 'security_compliance_regulatory.security_incident', 'deleted', 'tenant_id + canonical_id + version', 'typed columns + tmf_payload snapshot', 'Register concrete consumers during integration design') ON CONFLICT (event_name, event_version) DO UPDATE SET source_table = EXCLUDED.source_table, payload_basis = EXCLUDED.payload_basis, updated_at = now();
INSERT INTO security_compliance_regulatory.tmf_api_resource_map (tmf_api, tmf_resource, resource_path, anchor_table, field_strategy, local_spec_path, promoted_fields) VALUES ('TMF655', 'changeRequest', '/changeRequest', 'security_incident', 'Promote common TMF lifecycle/reference fields; store remaining validated resource fields in tmf_payload and characteristics tables.', 'references/tmforum-open-apis/openapi-specs/TMF655_ChangeManagement/TMF655_Change_Management_API_v4.0.0_swagger.json', '["id", "href", "actualEndTime", "actualStartTime", "channel", "completionDate", "description", "impact", "lastUpdateDate", "plannedEndTime", "plannedStartTime", "priority", "requestDate", "requestType", "risk", "riskMitigationPlan"]'::jsonb) ON CONFLICT (tmf_api, tmf_resource, anchor_table) DO UPDATE SET field_strategy = EXCLUDED.field_strategy, local_spec_path = EXCLUDED.local_spec_path, promoted_fields = EXCLUDED.promoted_fields, updated_at = now();
INSERT INTO security_compliance_regulatory.event_contract (event_name, event_version, tmf_api, tmf_resource, source_table, event_type, event_key_strategy, payload_basis, consumer_notes) VALUES ('security_compliance_regulatory.change_request.created', 'v1', 'TMF655', 'changeRequest', 'security_compliance_regulatory.security_incident', 'created', 'tenant_id + canonical_id + version', 'typed columns + tmf_payload snapshot', 'Register concrete consumers during integration design') ON CONFLICT (event_name, event_version) DO UPDATE SET source_table = EXCLUDED.source_table, payload_basis = EXCLUDED.payload_basis, updated_at = now();
INSERT INTO security_compliance_regulatory.event_contract (event_name, event_version, tmf_api, tmf_resource, source_table, event_type, event_key_strategy, payload_basis, consumer_notes) VALUES ('security_compliance_regulatory.change_request.updated', 'v1', 'TMF655', 'changeRequest', 'security_compliance_regulatory.security_incident', 'updated', 'tenant_id + canonical_id + version', 'typed columns + tmf_payload snapshot', 'Register concrete consumers during integration design') ON CONFLICT (event_name, event_version) DO UPDATE SET source_table = EXCLUDED.source_table, payload_basis = EXCLUDED.payload_basis, updated_at = now();
INSERT INTO security_compliance_regulatory.event_contract (event_name, event_version, tmf_api, tmf_resource, source_table, event_type, event_key_strategy, payload_basis, consumer_notes) VALUES ('security_compliance_regulatory.change_request.stateChanged', 'v1', 'TMF655', 'changeRequest', 'security_compliance_regulatory.security_incident', 'stateChanged', 'tenant_id + canonical_id + version', 'typed columns + tmf_payload snapshot', 'Register concrete consumers during integration design') ON CONFLICT (event_name, event_version) DO UPDATE SET source_table = EXCLUDED.source_table, payload_basis = EXCLUDED.payload_basis, updated_at = now();
INSERT INTO security_compliance_regulatory.event_contract (event_name, event_version, tmf_api, tmf_resource, source_table, event_type, event_key_strategy, payload_basis, consumer_notes) VALUES ('security_compliance_regulatory.change_request.deleted', 'v1', 'TMF655', 'changeRequest', 'security_compliance_regulatory.security_incident', 'deleted', 'tenant_id + canonical_id + version', 'typed columns + tmf_payload snapshot', 'Register concrete consumers during integration design') ON CONFLICT (event_name, event_version) DO UPDATE SET source_table = EXCLUDED.source_table, payload_basis = EXCLUDED.payload_basis, updated_at = now();

INSERT INTO security_compliance_regulatory.privacy_retention_policy (table_name, data_domain, data_classification, retention_class, retention_basis, default_retention_days, legal_hold_supported, residency_rule, masking_policy, audit_level) VALUES ('security_compliance_regulatory.security_incident', 'security_compliance_regulatory', 'restricted', 'regulated_lifecycle', 'Suite data model and TMF API baseline review', 2555, true, 'Keep operational data in the suite deployment region unless a release-specific residency rule overrides it.', 'Mask direct identifiers, secrets, payment details, and sensitive evidence outside privileged roles.', 'high') ON CONFLICT (table_name) DO UPDATE SET data_classification = EXCLUDED.data_classification, retention_class = EXCLUDED.retention_class, masking_policy = EXCLUDED.masking_policy, audit_level = EXCLUDED.audit_level, updated_at = now();
INSERT INTO security_compliance_regulatory.privacy_retention_policy (table_name, data_domain, data_classification, retention_class, retention_basis, default_retention_days, legal_hold_supported, residency_rule, masking_policy, audit_level) VALUES ('security_compliance_regulatory.compliance_control', 'security_compliance_regulatory', 'restricted', 'regulated_lifecycle', 'Suite data model and TMF API baseline review', 2555, true, 'Keep operational data in the suite deployment region unless a release-specific residency rule overrides it.', 'Mask direct identifiers, secrets, payment details, and sensitive evidence outside privileged roles.', 'high') ON CONFLICT (table_name) DO UPDATE SET data_classification = EXCLUDED.data_classification, retention_class = EXCLUDED.retention_class, masking_policy = EXCLUDED.masking_policy, audit_level = EXCLUDED.audit_level, updated_at = now();
INSERT INTO security_compliance_regulatory.privacy_retention_policy (table_name, data_domain, data_classification, retention_class, retention_basis, default_retention_days, legal_hold_supported, residency_rule, masking_policy, audit_level) VALUES ('security_compliance_regulatory.control_evidence', 'security_compliance_regulatory', 'restricted', 'regulated_lifecycle', 'Suite data model and TMF API baseline review', 2555, true, 'Keep operational data in the suite deployment region unless a release-specific residency rule overrides it.', 'Mask direct identifiers, secrets, payment details, and sensitive evidence outside privileged roles.', 'high') ON CONFLICT (table_name) DO UPDATE SET data_classification = EXCLUDED.data_classification, retention_class = EXCLUDED.retention_class, masking_policy = EXCLUDED.masking_policy, audit_level = EXCLUDED.audit_level, updated_at = now();
INSERT INTO security_compliance_regulatory.privacy_retention_policy (table_name, data_domain, data_classification, retention_class, retention_basis, default_retention_days, legal_hold_supported, residency_rule, masking_policy, audit_level) VALUES ('security_compliance_regulatory.regulatory_obligation', 'security_compliance_regulatory', 'restricted', 'regulated_lifecycle', 'Suite data model and TMF API baseline review', 2555, true, 'Keep operational data in the suite deployment region unless a release-specific residency rule overrides it.', 'Mask direct identifiers, secrets, payment details, and sensitive evidence outside privileged roles.', 'high') ON CONFLICT (table_name) DO UPDATE SET data_classification = EXCLUDED.data_classification, retention_class = EXCLUDED.retention_class, masking_policy = EXCLUDED.masking_policy, audit_level = EXCLUDED.audit_level, updated_at = now();
INSERT INTO security_compliance_regulatory.privacy_retention_policy (table_name, data_domain, data_classification, retention_class, retention_basis, default_retention_days, legal_hold_supported, residency_rule, masking_policy, audit_level) VALUES ('security_compliance_regulatory.regulatory_submission', 'security_compliance_regulatory', 'restricted', 'regulated_lifecycle', 'Suite data model and TMF API baseline review', 2555, true, 'Keep operational data in the suite deployment region unless a release-specific residency rule overrides it.', 'Mask direct identifiers, secrets, payment details, and sensitive evidence outside privileged roles.', 'high') ON CONFLICT (table_name) DO UPDATE SET data_classification = EXCLUDED.data_classification, retention_class = EXCLUDED.retention_class, masking_policy = EXCLUDED.masking_policy, audit_level = EXCLUDED.audit_level, updated_at = now();
INSERT INTO security_compliance_regulatory.privacy_retention_policy (table_name, data_domain, data_classification, retention_class, retention_basis, default_retention_days, legal_hold_supported, residency_rule, masking_policy, audit_level) VALUES ('security_compliance_regulatory.retention_policy', 'security_compliance_regulatory', 'restricted', 'regulated_lifecycle', 'Suite data model and TMF API baseline review', 2555, true, 'Keep operational data in the suite deployment region unless a release-specific residency rule overrides it.', 'Mask direct identifiers, secrets, payment details, and sensitive evidence outside privileged roles.', 'high') ON CONFLICT (table_name) DO UPDATE SET data_classification = EXCLUDED.data_classification, retention_class = EXCLUDED.retention_class, masking_policy = EXCLUDED.masking_policy, audit_level = EXCLUDED.audit_level, updated_at = now();
INSERT INTO security_compliance_regulatory.privacy_retention_policy (table_name, data_domain, data_classification, retention_class, retention_basis, default_retention_days, legal_hold_supported, residency_rule, masking_policy, audit_level) VALUES ('security_compliance_regulatory.legal_hold', 'security_compliance_regulatory', 'restricted', 'regulated_lifecycle', 'Suite data model and TMF API baseline review', 2555, true, 'Keep operational data in the suite deployment region unless a release-specific residency rule overrides it.', 'Mask direct identifiers, secrets, payment details, and sensitive evidence outside privileged roles.', 'high') ON CONFLICT (table_name) DO UPDATE SET data_classification = EXCLUDED.data_classification, retention_class = EXCLUDED.retention_class, masking_policy = EXCLUDED.masking_policy, audit_level = EXCLUDED.audit_level, updated_at = now();
INSERT INTO security_compliance_regulatory.privacy_retention_policy (table_name, data_domain, data_classification, retention_class, retention_basis, default_retention_days, legal_hold_supported, residency_rule, masking_policy, audit_level) VALUES ('security_compliance_regulatory.audit_evidence_package', 'security_compliance_regulatory', 'restricted', 'regulated_lifecycle', 'Suite data model and TMF API baseline review', 2555, true, 'Keep operational data in the suite deployment region unless a release-specific residency rule overrides it.', 'Mask direct identifiers, secrets, payment details, and sensitive evidence outside privileged roles.', 'high') ON CONFLICT (table_name) DO UPDATE SET data_classification = EXCLUDED.data_classification, retention_class = EXCLUDED.retention_class, masking_policy = EXCLUDED.masking_policy, audit_level = EXCLUDED.audit_level, updated_at = now();
INSERT INTO security_compliance_regulatory.privacy_retention_policy (table_name, data_domain, data_classification, retention_class, retention_basis, default_retention_days, legal_hold_supported, residency_rule, masking_policy, audit_level) VALUES ('security_compliance_regulatory.business_continuity_plan', 'security_compliance_regulatory', 'restricted', 'regulated_lifecycle', 'Suite data model and TMF API baseline review', 2555, true, 'Keep operational data in the suite deployment region unless a release-specific residency rule overrides it.', 'Mask direct identifiers, secrets, payment details, and sensitive evidence outside privileged roles.', 'high') ON CONFLICT (table_name) DO UPDATE SET data_classification = EXCLUDED.data_classification, retention_class = EXCLUDED.retention_class, masking_policy = EXCLUDED.masking_policy, audit_level = EXCLUDED.audit_level, updated_at = now();
INSERT INTO security_compliance_regulatory.privacy_retention_policy (table_name, data_domain, data_classification, retention_class, retention_basis, default_retention_days, legal_hold_supported, residency_rule, masking_policy, audit_level) VALUES ('security_compliance_regulatory.event_outbox', 'security_compliance_regulatory', 'restricted', 'regulated_lifecycle', 'Suite data model and TMF API baseline review', 2555, true, 'Keep operational data in the suite deployment region unless a release-specific residency rule overrides it.', 'Mask direct identifiers, secrets, payment details, and sensitive evidence outside privileged roles.', 'high') ON CONFLICT (table_name) DO UPDATE SET data_classification = EXCLUDED.data_classification, retention_class = EXCLUDED.retention_class, masking_policy = EXCLUDED.masking_policy, audit_level = EXCLUDED.audit_level, updated_at = now();

COMMIT;
